S02B0000433A2F55736572732F6D6461676761672F446F63756D656E74732F517561727475732F524F424F5465
S11300003400C0060400C4DE3A30F6DED401C0DE9B
S11300103A30F6DE7400800604588AD6740000066E
S113002004712AC67400800004F3A5103A68001015
S113003004FBFFDE1501C0DF150240D9150380D98A
S11300401504C0D9740080000459AA101700C01008
S11300503A880B20040280D8170200193A880D1040
S1130060150080D8400D02001701C0DF0405C0DE72
S11300703A2800F804FCFFDE1501C0DF150280D920
S11300801503C0D93A880D28170240210402C0D8AC
S11300903A880F181500C0D8802200001701C0DF6D
S11300A00404C0DE3A2800F804F6FFDE150740DC3D
S11300B03A8823203A8809281509C0DF1508C0DCCE
S11300C03A882728C0150000170240897400C00030
S11300D00432E8184400C001440000121505C0D8D9
S11300E01506C0D90403C0D88400C0013A88098821
S11300F03A880DD81500C0D81503C0DC150200DA03
S11301001501C0D9150480D800330400C4FFFF00D2
S1130110260600103A8805181709C0DF1708C0DC46
S1130120170740DC040AC0DE3A2800F88402C00045
S11301303A8805181709C0DF1708C0DC170740DC28
S1130140040AC0DE3A2800F8740080000459AA109A
S11301503A880B2017000011810A0000CC0080208F
S11301603A8811201E1600101700C020F4BF7F012A
S1130170C4BF7F297420E0010420E0393A8845197E
S11301803A70C4113A30C6003A7086181E0C001832
S11301903A880D283A880B38040100211700802082
S11301A03A8887113A7046193A3084003A70C4107C
S11301B026F93F1007008020260300104400002188
S11301C0070080201EFD3F103AC805223A2800F897
S11301D01702803004FEFFDE150000DC1501C0DFCD
S11301E03A8821303A8807001E0600103A8805181C
S11301F0150100301701C0DF170000DC0402C0DE67
S11302003A2800F8003304003A8807103A880518A1
S113021015010080150200801701C0DF170000DC03
S11302200402C0DE3A2800F804A4FEDE155881DD7D
S1130230155201DC1551C1D9155BC1DF155A01DF17
S11302401559C1DD155741DD155601DD1555C1DCC4
S1130250155481DC155341DC3A882D283A88213025
S1130260154F01D940950400170080101751C1D9CA
S1130270154981D8174F81D826020010170E801017
S1130280260D02100B0380B00C028010260E021003
S1130290170480B0260C02100B0300B28402800005
S11302A08C06C0401E2F80188F0380B0162D0010BE
S11302B08B0340B2170780B21709C0B2174F01D998
S11302C0042940DC044080D80400C1004CFF3F42B4
S11302D03A880D803A880B880D2C00DA8D2C40DA90
S11302E0153080DA1532C0DA152D80D8152EC0D815
S11302F0152980D8152BC0D8152F00D880220000CE
S1130300154B81D816040010174F01D93A880B8871
S113031000A003001E3202100B2C80D80C10801099
S1130320260300100B0380B0141080100D0380B05E
S1130330174B81D8175BC1DF175A01DF1759C1DD8D
S1130340175881DD175741DD175601DD1755C1DCFC
S1130350175481DC175341DC175201DC045CC1DE05
S11303603A2800F83A8805003A880700041940DD65
S1130370154281D83A882F801543C1D8154B01D82E
S1130380154801D8154401D8154701D8150C40DD8E
S1130390150E00D8150D00D8070080B826190010D6
S11303A04409C0002617C0103A8821B8060100008D
S11303B02603C01044000084070080801EFC3F1008
S11303C03AC8E785260E0098170E80DC170D40DC2E
S11303D0C40180003A88E5944400408C1500C0AD07
S11303E0150E80DC1501C0AC150D40DC168B4214D3
S11303F0040240AD174B01D93A88C924154B01D9E1
S11304003A882F80070080B8263C01104400C0BD04
S1130410050400D80700C0B8C4FFFF04154C01D878
S1130420154A01D8154DC1D84400C0BD174D41D956
S11304300416800004F8FF283660C0103A88C518F6
S11304403A8885103400C0000416C1183A88C510D3
S1130450170000113A680020CC130000BC0500000E
S1130460BC050000B8130000BC050000BC0500007A
S1130470BC050000BC050000BC050000BC05000074
S113048098110000A8130000BC050000B011000082
S113049044140000BC05000030140000F8130000F0
S11304A0F8130000F8130000F8130000F81300001C
S11304B0F8130000F8130000F8130000F81300000C
S11304C0BC050000BC050000BC050000BC05000024
S11304D0BC050000BC050000BC050000BC05000014
S11304E0BC050000BC050000140C000080120000D4
S11304F0BC05000080120000BC050000BC05000023
S1130500BC050000BC050000E4130000BC050000AD
S1130510BC050000C80C0000BC050000BC050000C0
S1130520BC050000BC050000BC050000140D000063
S1130530BC050000BC05000034130000BC0500002D
S1130540BC050000BC050000BC050000BC050000A3
S1130550BC050000BC050000BC050000BC05000093
S1130560BC05000008130000200C000080120000ED
S113057080120000801200006C120000200C0000A9
S1130580BC050000BC050000F4110000BC0500001F
S1130590C4110000D40C000024120000101200004A
S11305A0BC050000A0140000BC050000200D0000E4
S11305B0BC050000BC05000098130000174D01D9CC
S11305C026CE002044004001040F80D91540C1D933
S11305D0154541D9154181D93A880F28050F00D90D
S11305E0050400D8154601D8174CC1D88C008018D2
S11305F03A000510155081D81E030010174501D983
S113060084000021154501D9174C41D90C214029FA
S1130610154E41D91E2D0028174A81D9174581D876
S11306203AC8A1300E290004040480000E580414B2
S1130630170E80DC170D40DC3A8827107400000781
S1130640048127E7C40100050603000004FC3F847D
S1130650040240AD0E13009C040480944400408CBA
S1130660150000AF1501C0AC150E80DC150D40DC83
S11306700EF67FA4174F01D93A880BB0040C80D929
S11306801551C1D9001D00001751C1D91E9E00107B
S113069004FC3F84170E80DC170D40DC041940DD98
S11306A016ED3F9C3A8825944400408CC401800098
S11306B0150000AF150100AC150E80DC150D40DCF3
S11306C016F54114040240AD06020000170E80DC4A
S11306D0170D40DC070480D8260B0010440080006E
S11306E0440080944400408C150180A80404C0D8C0
S11306F0C40180001500C0A8150E80DC150D40DC77
S113070016DA4114040240AD175001D91E0B002023
S1130710440480D8840080944400408C150080A850
S11307208400C000C40180001501C0A8150E80DC3F
S1130730150D40DC16C24114040240AD174E41D9D8
S11307400420800026B180281746C1D83AC8E11990
S11307500E260004040480000EC903143A882710EE
S113076074000007047D27E7C401000506030000A8
S113077004FC3F84040240AD0E13009C04048094E6
S11307804400408C150000AF1501C0AC150E80DC90
S1130790150D40DC0EF67FA4174F01D93A880BB033
S11307A0040C80D91551C1D9001D00001751C1D9BD
S11307B01E55001004FC3F84170E80DC170D40DC2E
S11307C0041940DD16ED3F9C3A8825944400408C82
S11307D0C4018000150000AF150100AC150E80DCCB
S11307E0150D40DC16824114040240AD174C01D9AA
S11307F00C4080201E4A0010174141D93A88E591E7
S11308004400408CC4018000150040A91501C0A912
S1130810150E80DC150D40DC166741140402C0A8D7
S1130820174C81D90C01803026280010174A81D832
S1130830174501D93AC821110E240004040480008C
S11308400E4F0414170D40DC3A882710740000077B
S1130850048127E7C40100050603000004FC3F846B
S11308600402C0180E11009C040480944400408CBF
S11308701500001F1501C01C150E80DC150D40DC91
S11308800EF67FA4174F01D93A880BB0040C80D917
S1130890001D00001E1C001004FC3F84170E80DCA9
S11308A0170D40DC0419C0D816EF3F9C3A882594F4
S11308B04400408CC40180001500001F1501001C79
S11308C0150E80DC150D40DC16CB4014174A81D878
S11308D0174541D90E0140113A880528174B81D993
S11308E03A888D30154B81D91E3B01901740C1D9F0
S11308F0041940DD150D00D806A73E00170E80D858
S11309001E3F0510150D00D80B0380B00C1080108D
S113091026873E10C4FFBF00154B81D806843E00D5
S1130920174D81D944198000166E8011174741D99B
S11309304400C0000E434319174181D844008094F9
S11309404400408C150080A8C40180001501C0A893
S1130950150E80DC150D40DC16CA41140402C0A833
S1130960174901D944008000440080944400408C1D
S113097015018018C401800015000019150E80DCD3
S1130980150D40DC16B641140402C01C174201D9EF
S1130990174341D93A880D003A880F0080A7080010
S11309A026740110174741D9174181D94400408C5E
S11309B03A88852CC4FFBF14C4FFBF284400C0304C
S11309C015018098C40180001500C098150E80DCC4
S11309D0150D40DC168E41140402C09C174841D901
S11309E0040880D84400408C3A88659115008098AA
S11309F0C401800015014099150E80DC150D40DC02
S1130A0016ED40140402C09806853F00174A81D9A8
S1130A10174581D83AC8A1300E4B3F040404800026
S1130A200E3404143A88271074000007047D27E765
S1130A30C40100050603000004FC3F84040240AD29
S1130A400E13009C040480944400408C150000AFF5
S1130A501501C0AC150E80DC150D40DC0EF67FA42C
S1130A60174F01D93A880BB0040C80D91551C1D95C
S1130A70001D00001751C1D91EA33F1004FC3F8480
S1130A80170E80DC170D40DC041940DD16ED3F9C89
S1130A903A8825944400408CC4018000150000AFBE
S1130AA0150100AC150E80DC150D40DC16614114F7
S1130AB0040240AD06243F00174F01D980C903004A
S1130AC01751C1D906EF3D00174F01D93A880BB031
S1130AD01551C1D9800F02001751C1D926EE3D101E
S1130AE0068C3F00174201D9174341D93A880D00BB
S1130AF03A880F00009F08001EF200107400800066
S1130B00044AA810440080944400408C150080A836
S1130B104400C000C40180001501C0A8150E80DC8B
S1130B20150D40DC16FA42140402C0A8170580D83B
S1130B30174701D90E5C0111170D40DC174981D903
S1130B4044008000440080944400408C15018018C7
S1130B50C401800015008019150E80DC150D40DCE1
S1130B60161043140402C018174781D8C4FF3F1459
S1130B700E2B3F04040480000EA20214170D40DC67
S1130B803A88271074000007047D27E7C401000594
S1130B90060300000402C01804FC3F840E9C029C5F
S1130BA0040480944400408C1500001F1501C01CEF
S1130BB0150E80DC150D40DC0EF67FA4174F01D90D
S1130BC03A880BB0040C80D9001D00001E4E3F1063
S1130BD0170E80DC170D40DC0419C0D806EE3F0068
S1130BE00B2C80D8C4FFFF00154BC1D80C1080100B
S1130BF01ECC3D1006CE3D00174F01D93A880BB0EC
S1130C00040C80D9001D00001E3F3F10170E80DC2D
S1130C10062E3F00174C41D914044029154C41D9E4
S1130C20174C81D90C0880301E4F0110174CC1D8C5
S1130C300C0480181EEA0210174C01D90C108020F5
S1130C4026E702100F0080380401C0391540C1D9CD
S1130C50FAD723103A882110167203884400000141
S1130C6016040098174CC1D8C4DFBF003A70861828
S1130C70154CC1D83AB044841E2602101E25029891
S1130C80CC3F8020269B02100419C0D8040F00DD3D
S1130C901541C1D81741C1D81545C1DC3AC8C5A012
S1130CA0040AC0110E01C0991545C1D91546C1DC0D
S1130CB0070480D8264C3E10174581D84400801084
S1130CC0154581D806483E00174C81D9140480315B
S1130CD0154C81D9174CC1D80C0880181E27011057
S1130CE0174C41D90C0480281EB60210174C81D928
S1130CF00C10803026B302100B00003C3A88090027
S1130D000401C0393A8823001540C1D9050400D82C
S1130D1006D33F00174C01D914040021154C01D906
S1130D20174C41D90C0880281E080110174CC1D853
S1130D300C0480181EB00210174C01D90C1080202E
S1130D4026AD02100B00003C440000010401C03930
S1130D503A8823001540C1D9050400D806C03F00D5
S1130D60174F01D93A880BB0040C80D9001D00003C
S1130D701EE53E10170E80DC0419C0D8174C81D92B
S1130D804C0080303A0005101EA53E10440080003F
S1130D90170D40DC15018018174981D84400809450
S1130DA04400408C15008018C4018000150E80DCBE
S1130DB0150D40DC0E1E4214174F01D93A880BB0B2
S1130DC0040C80D9001D00001ECF3E10170E80DCDD
S1130DD00419C0D806923E00174F01D93A880BB0C7
S1130DE0040C80D9001D000026C03E1006C63E003B
S1130DF0174F01D93A880BB0040C80D91551C1D9C9
S1130E00001D00001751C1D91EBF3E10170E80DC13
S1130E10170D40DC041940DD06743E00174F01D95C
S1130E203A880BB0040C80D91551C1D9001D0000BB
S1130E301751C1D91EB43E10041940DD066D3D00A2
S1130E40174F01D93A880BB0040C80D91551C1D978
S1130E50001D00001751C1D91EAB3E10170E80DCD7
S1130E60170D40DC041940DD06343E00174F01D94C
S1130E703A880BB0040C80D91551C1D9001D00006B
S1130E801751C1D91EA03E10170E80DC170D40DC8F
S1130E90041940DD061C3E00174F01D93A880BB0F7
S1130EA0040C80D91551C1D9001D00001751C1D9B6
S1130EB01E953E10170E80DC170D40DC041940DD32
S1130EC006043E00170500D90E520201174781D9C6
S1130ED0167A8021174181D83A88A5914400408C24
S1130EE0150080A8C4018000150180A9150E80DCBE
S1130EF0150D40DC16F642140402C0A8174741D968
S1130F003AC861210E9D3F04040480000E130214AC
S1130F10170D40DC3A88271074000007047D27E78A
S1130F20C4010005060300000402C01804FC3F8449
S1130F300E0D029C040480944400408C1500001F94
S1130F401501C01C150E80DC150D40DC0EF67FA4C7
S1130F50174F01D93A880BB0040C80D9001D00004A
S1130F601E693E10170E80DC170D40DC0419C0D832
S1130F7006EE3F00174781D8C4FF3F140E973E0486
S1130F80040480000E1800143A8829107400000725
S1130F90047D27E7C4014005060300000402C09C49
S1130FA004FC3F840E1200A4040480944400408C8A
S1130FB01500009F1501009D150E80DC150D40DC09
S1130FC00EF67FAC174F01D93A880BB0040C80D9C8
S1130FD0001D00001E4C3E10170E80DC170D40DC77
S1130FE00419C0DC06EE3F0074000007047D27E707
S1130FF03A8825944400408CC40180001500009F69
S11310001501009C150E80DC150D40DC0E727E145B
S1131010174F01D93A880BB0040C80D9001D000089
S11310201E393E10170E80DC170D40DC0419C0DC9D
S1131030066A3E00174F01D93A880BB0040C80D9D8
S11310401551C1D9001D00001751C1D91E2E3E10E3
S1131050170E80DC170D40DC041940DD06BA3D0094
S1131060174F01D93A880BB0040C80D9001D000039
S11310701E253E10170E80DC170D40DC0419C0DC61
S113108006423E00174F01D93A880BB0040C80D9B0
S1131090001D00001E1C3E10170E80DC170D40DCE6
S11310A00419C0D8062E3E00174C41D94C008028A4
S11310B03A0005101EDA3D10069F3E001741C1D8C4
S11310C03A8825914400408CC40180001500C0A8D2
S11310D0150100A9150E80DC150D40DC16664214BE
S11310E00402C0A8174941D94400800044008094F8
S11310F04400408C15018018C4018000150040197B
S1131100150E80DC150D40DC3A882120165042145F
S113111004024019174781D94400408C150D40DC66
S11311203AC80731174101D93A88E5901501C0281A
S11311303A88058115008028C4018000150E80DCE2
S1131140161D7F140402C02806B53D001700003C9C
S11311501701403C0402803944000001154081D944
S1131160050400D806BE3E001700003C1701403CB1
S113117004028038154081D806B73E001700003CB1
S11311801701403C04020039154001D93A8809008E
S1131190050400D806B23E001700C0380401C03967
S11311A0154AC1D80ED100183AC8C700154AC1D88B
S11311B0174C01D90700C0B814010021154C01D9FE
S11311C006983C00174C81D90C08803026F0011099
S11311D0174B01D9170080380401C0391540C1D913
S11311E0FAD707201740C1D9150000111501C01006
S11311F006693C000700C0B8041B8000264F821813
S1131200174C41D914044029154C41D906853C009A
S1131210174C81D90700C0B814088031154C81D906
S113122006803C00174C81D81700003C041EC00007
S113123094008010154C81D80401C0397400400119
S113124004336829040C80003A88230084000001D8
S11312501540C1D9154DC1D8154441D9450480D88C
S11312608504C0D8050400D8067D3E00174C81D8FB
S11312700700C0B814108010154C81D806693C00D2
S1131280174C41D90C02802826DF01101700803941
S113129004028038154081D8154281D91701C0391C
S11312A01543C1D9174201D9174341D980BC06005F
S11312B026170210174201D9174341D93A880D0065
S11312C03A880F0000C1080016CA0210174D41D910
S11312D0C4118000160A4211740080010438A83138
S11312E0154181D9174C01D9C400C000C4DFBF0027
S11312F03A7088203A880F181545C1D8154C01D981
S1131300154601D8066A3E00170080384400C00024
S11313100401C0391540C1D9040F00D93A880F1807
S11313201545C1D8154101D9050F80D8050400D849
S113133006AC3C0074004001043E6829154441D9C0
S1131340174C81D90C08803026F900101700003C96
S11313501701403C04028038154081D8174C41D90C
S11313604C0080283A0005101EB300103AB04484A3
S113137026B10010174D81D994004029040C800037
S113138084000001154C41D9450480D8850480D9D6
S1131390050400D806323E00740080010433A831ED
S11313A0154481D906E63F00C40A8000050480D8AC
S11313B00700C0B8061B3C00174C81D80700C0B812
S11313C054008010154C81D806163C00070480D8C0
S11313D01E46001004088000050480D80700C0B829
S11313E006103C00174C81D90700C0B814028031A4
S11313F0154C81D9060B3C003A88070044020001D1
S1131400A40280180700C0B8174D81D94400C0BD9C
S1131410154DC1D8174D41D93A88853004F4FF10D1
S113142004F4BF282EF6BF20154AC1D806FF3B009E
S1131430174C41D90700C0B814204029154C41D994
S113144006F83B000700C0B8840A80004400C0BD11
S113145026158318154DC1D804F4BF184402C000E2
S1131460367882183A880D00A4028030070080B9CB
S1131470174D41D94400C0BD154D81D9174D01D92F
S11314803A88451104F4BF1104F4BF202EF6BF18A6
S11314903A8827300EE53B30C4FFFF0406E33B00E7
S11314A0050400D8170080390401C0391540C1D99A
S11314B0154181D926C90130160E0098174101D96A
S11314C03A880B003A880D98402E050026590210E0
S11314D01741C1D83AC8CF10169EC1991545C1D934
S11314E016090038154601D806F13D000700C0B8BA
S11314F006CC3B00174101D9C0150000154581D821
S11315003A880F100EF73F10154501D8154601D83B
S113151006E73D00CC3FC02044008000262D801803
S1131520360E80188400800026FA801874000001AA
S113153004432821C01500003A880F101545C1DC6A
S11315400E018098154581D8740080000443A810CA
S11315501546C1DC154181D806D53D00041940D992
S1131560040F00DD154141D97A970A88174181D9C2
S1131570FAD00480FAD00688CC0100813AB08428DD
S1131580C4FFBF31040C0021154181D93AB0CA10FF
S1131590050000313A8821103A8823181EF23F28AA
S11315A0174CC1D84C0080183A0005101EB93D10E4
S11315B0CC3F80201C20801004E0BF10040CC0002D
S11315C026B4FD10C4FFBF31154181D90500C030D8
S11315D006B03D00680080881E2C00101E020088A2
S11315E04402800036290014C41800D9040F00DD19
S11315F0154101D9174101D9040C808005008020D0
S113160006A43D00170D40DC74000007047D27E7A5
S11316103A8825944400408CC40180001500001FC2
S11316201501001C150E80DC150D40DC16E27D143E
S11316300402C018067A3C0084000001050400D8A6
S113164006873D00174C81D93A70C4303A00051022
S113165026B93C10174101D9440080944400408CC1
S1131660C4018000150000A91501C0A8150E80DC76
S1131670150D40DC16667E140402C0AC06D73C008F
S113168074000007047D27E7064F3C00040F00DDCB
S1131690041980DC3A8809803A880B888402800126
S11316A03A880F0000920700040C0012C4FFBF9494
S11316B03A8809803A880B88840280013A880F00AE
S11316C005000092403407003A8809103A88211036
S11316D0680080183A8823181EEE3F101E02001876
S11316E04402800036EB3F11C4FFBF94154181DCF6
S11316F006C03F00174C01D94C0080201E9A0010F0
S1131700041940D9040F00DD154141D906613D009B
S1131710174F01D93A880BB0040C80D9001D000082
S11317201E793C10170E80DC0419C0D806FF3C005B
S1131730174CC1D80C0480181E710010174C01D925
S11317400C108020266E00100B00003C3A88230009
S11317500401C0391540C1D906003F00170D40DC13
S113176074000007047D27E73A8825944400408CE0
S1131770C40180001500001F1501001C150E80DC3B
S1131780150D40DC16767D140402C018067B3D005E
S1131790170E80DC170D40DC74000007048127E776
S11317A006C03B00174F01D93A880BB0040C80D90E
S11317B0001D00001E543C10170E80DC0419C0D814
S11317C006E93C001700003C3A8809000401C039CE
S11317D03A8823001540C1D9050400D806203D00ED
S11317E0170080380401C0391540C1D9FAD7231035
S11317F03A88211006183D001700003C44000001FF
S11318000401C0393A8823001540C1D9050400D821
S113181006133D0074008000044AA810440080941C
S11318204400408C150080A84400C000C40180001E
S11318301501C0A8150E80DC150D40DC16CA401435
S11318400402C0A81E060020174741D91E04002820
S1131850174C81D94C0080303A0005101EF03B1023
S113186044008000170D40DC15018018174981D809
S1131870440080944400408C15008018C40180000A
S1131880150E80DC150D40DC16CA40140402C01885
S11318903AC821010E500004040480000E80001494
S11318A03A88271074000007047D27E7C401000567
S11318B0060300000402C01804FC3F840E7A009C56
S11318C0040480944400408C1500001F1501C01CC2
S11318D0150E80DC150D40DC0EF67FA4174F01D9E0
S11318E03A880BB0040C80D9001D00001E063C1081
S11318F0170E80DC170D40DC0419C0D806EE3F003B
S11319001700003C3A8823000401C0391540C1D9AE
S113191006923E00041940D9040F00DD154141D957
S1131920174481D93A970A883AD10480CC030081BC
S11319303A8809313AB0842803004021174101D97B
S11319403AD106883A882110C4FF3F21154101D9B4
S1131950174181D93AB0C8103A882318050040319C
S11319601EEF3F2006CB3C00040C8000C41880D935
S1131970040F00DDC51880D8154181D906C53C0087
S1131980170D40DC74000007048127E706C73B00FD
S1131990174C41D90C048028267C0010170080388D
S11319A00401C0391540C1D9174B81D91740C1D999
S11319B01500801106783A00174F01D93A880BB008
S11319C0040C80D9001D00001ECF3B10170E80DCD4
S11319D0170D40DC0419C0D8174701D9174141D964
S11319E04400408C3A882591C401800015004019B8
S11319F015010019150E80DC150D40DC16EE7C1463
S1131A000402C01806863B001700C03804020039DF
S1131A10154001D91542C1D81701C0391543C1D9A0
S1131A2006203E003A8805003AC809143A80051198
S1131A303AC84B043AC885283A8821203A882310AA
S1131A4044000001440B8000050480D806843C0057
S1131A50174F01D93A880BB0040C80D9001D00003F
S1131A601EA93B10170E80DC170D40DC170500D9AA
S1131A70041940D906A73D00174F01D93A880BB085
S1131A80040C80D9001D00001E9F3B10170E80DC43
S1131A90170D40DC170500D90419C0D806913D0084
S1131AA074000007047D27E73A8825944400408C9D
S1131AB0C40180001500001F1501001C150E80DCF8
S1131AC0150D40DC16BC7F140402C01806C23F008A
S1131AD0174F01D93A880BB0040C80D9001D0000BF
S1131AE01E893B10170E80DC170500D90419C0D8D5
S1131AF006023D0074000007047D27E706E43B006E
S1131B00740080000439A810154181D806F53D0001
S1131B10174201D9174341D980C006002639001065
S1131B20174D41D9C411800016CE401174008001B4
S1131B30043AA831154181D906EA3D00174C01D970
S1131B404400C0BD0700C0B814080021154C01D9D9
S1131B5006343A001545C1DC161001983A880F98EE
S1131B60154601D806523C00174F01D93A880BB0EC
S1131B70040C80D9001D00001E633B10170E80DC8E
S1131B80170500D90419C0D8062E3F00174CC1D838
S1131B900C10801826A00010170080380401C039EA
S1131BA01540C1D9174B01D91740C1D90D000011F7
S1131BB006F93900174F01D93A880BB0040C80D9C3
S1131BC0001D00001E503B10170E80DC170D40DC7A
S1131BD0170500D90419C0D8062D3F0084018000E0
S1131BE0369AC0141545C1DC0E010098154501D87C
S1131BF074008000043CA8103A880F98154181D8DD
S1131C0006783A00C4FFBF0026E28098174D41D9F8
S1131C10C419800026DC8028C411800026DA8028BC
S1131C20174C41D9174301D9174281D9144040298F
S1131C30154C41D916CC00203A8821303A8823200B
S1131C403A883900174D41D98419800026B7802875
S1131C508411800026B580284419800026C8802875
S1131C604411800026C680283A882998174F01D944
S1131C70040580D83A880D88150180D80406C0D898
S1131C80040780D83A880B808400C0011502C0D8AC
S1131C90150380D8150000DDC0440200174D81D91A
S1131CA0154181D8C419800026958030174DC1D8BC
S1131CB0C411800026928018174141D9174D81D94B
S1131CC0841980003A88252D26868030841180006E
S1131CD0268480303A880D003A880F003A880B88B1
S1131CE03A880980009F08001E7500103A88059004
S1131CF0150780DC174101D9174D41D9C419C0001B
S1131D003AC825112668C028C41180002666802898
S1131D10170500D9174DC1D8441980001655C010B5
S1131D20C4FF3F21150500D90508C0D83A882120F1
S1131D3016C10020C40A8000450880D844028000EF
S1131D400EAF00143A882710840B40DC3A880980CF
S1131D5084024001800D0900040C8010C4FF7F8CB4
S1131D603A880980840240010500808880070900C0
S1131D703A88211016F5BF98040CC010C40980D805
S1131D80C4018010C4FF7F89C5FFFF882EA7802867
S1131D903A880910040880D98408C0D80300802830
S1131DA044004029050080184400C01836FB3F2930
S1131DB03AC88719440080001548C1D83A88CF90A2
S1131DC00E9680144400C0391545C1D91634003824
S1131DD0CC3F80E01C20801004E0BF10264E001091
S1131DE0440B8000154781DC154601D8050480D8D2
S1131DF006B13B00440B8000050480D806333D0047
S1131E00174F01D93A880BB0040C80D9001D00008B
S1131E101EBD3A1006BB3A00170080380401C039D1
S1131E201540C1D9174B41D91740C1D915004011EC
S1131E30065939003A880F981545C1DC154601D872
S1131E40069B3B003A882700067839007400C000DE
S1131E50043CE8183A880F10154581D81541C1D8BB
S1131E6006E0390074008000043BA810154181D8B5
S1131E70061C3D00174D41D984198000264980284D
S1131E803A880F2016578024174C41D94C008028DB
S1131E90260100104400C0211545C1D90ECC3F389D
S1131EA0154501D806CA3F00170500D904FFBF0035
S1131EB00E48001116470099154DC1D806F03F0091
S1131EC0170780D82E8BBF143A880790040C0001A2
S1131ED00500001144008010150780D81EFCBF18AF
S1131EE006843F00174181D80700C010040C80000D
S1131EF0265B8018170500D93A88259106753F009E
S1131F00174C01D94C0080203A000510266A3F1076
S1131F10170780D806773F001545C1D9164D0038FC
S1131F20154781DC154601D806613B00174F01D9DE
S1131F30040580D8150180D80406C0D8040780D8C9
S1131F403A880B803A880D88C400C0011502C0D8B5
S1131F50150380D81500C0DC3A882998C0440200D3
S1131F60154181D806513F001742C1D8174301D902
S1131F70440B00073A8821183C00602406313F00D6
S1131F804400009D06393F001E253F984400C004CC
S1131F9006233F008401C00406213F00154501D8F3
S1131FA006EE3E003A880F200E3700011E0300980B
S1131FB0174C81D94C00803026B73F104400802054
S1131FC03A88A7981545C1DC3A880F980E803F9847
S1131FD006B33F00174D81D984FFBF31154D81D918
S1131FE0064C3F000E180001440080003A88851416
S1131FF0154581D83A880F100E753F1006A83F008A
S1132000040CC080040C8000C508C0D8040880D922
S11320100409C0D8850880D806653F00174C01D94B
S11320203A708420269C3F1006663F00040880D93D
S11320308408C0D8065E3F00440B80003AC82101E2
S1132040450880D8063D3F00840080003AC8051149
S113205006E63F00154501D8154781DC06B13F006F
S11320603A880D003A880F003A8809803A880B882C
S113207080A70800269F3F10440080003AC8091535
S1132080150500D9069B3F001E0D0098174CC1D8BA
S11320904C0080181E0A0010440000013A880F20EA
S11320A0154501D9064A3F001700C03C0401C03958
S11320B00E0E3D980700C0B8C4FFFF0406D93800CF
S11320C08400C09C1545C1DC3A880F980E403F98A7
S11320D006733F00740080000459AA103A88132044
S11320E0170000113A8805283A880F303A880B48BF
S11320F03A880D1081220000740080000459AA104F
S11321001700C01004FDFFDE150140DC150000DCE3
S11321101502C0DF3A8823203A88212826020018B5
S1132120170E8018261F00100B0300810C0280205C
S11321302628001017044081261D00284C0080200A
S11321403A000510260B00108C0080202612001087
S11321503A88050015028080260B00283A8805007D
S11321601702C0DF170140DC170000DC0403C0DEE7
S11321703A2800F817058080150200803AC88500C7
S1132180150680801EF53F280C20802026F33F1082
S1132190C4FFBF0006F23F0017058080150280804F
S11321A006ED3F003A88091880C9030006DE3F00A7
S11321B00CA0C0200480800026E0BF183A8809885B
S11321C03A880B8000A104000B03008117044081AE
S11321D006DA3F000C04802026ED3F100C0180201D
S11321E026120010170C4081260500280410808058
S11321F0260280283A880988C0010400150C008052
S11322000B0380801704408115010080CCF6BF10B9
S11322100D038080150040810B0380801402801020
S1132220CCFF3F110D03808006C33F00170440819B
S113223006F93F001704C0281704802004F6FFDEC7
S11322401507C0DD150540DD1509C0DF150800DFE1
S1132250150680DD150400DD1503C0DC150280DCE5
S1132260150140DC150000DC3A882F203A882B2821
S11322701674C010C4FF7F1C3A88458C3A888510B8
S11322800405002C0405C0243A88ED143A88A5807E
S1132290170000B7170040913A8809E0440040292C
S11322A0801309003A8829101E3C00103A880BA8B4
S11322B03A8809B8C0730500162B0010440000A525
S11322C03A880F983A8811003A880900170040812B
S11322D01700C03804010084CCFFBF283A88852049
S11322E0CCFFBF11CCFF3F193AD404103AD40A28CA
S11322F03AC889213A8809223AD406183A888B28A0
S11323003AD40D20CCFFBF283AC887183A888719D9
S11323100D0000398D00C0383AD408280401C039B2
S11323203AD411182EE93F943A88458C3A8885109E
S11323303A8885981700C0101E0B001804FF3F113F
S11323402E08009917FFBF10260300100605000091
S1132350170080201E03001004FF3F21C4FF7F8C60
S113236036FB3F99150440BC3A8805A01709C0DF25
S1132370170800DF1707C0DD170680DD170540DDED
S1132380170400DD1703C0DC170280DC170140DCF2
S1132390170000DC040AC0DE3A2800F83A880F98D7
S11323A03A8811803A8813003A880D001700C0401B
S11323B01700003904010042CCFFBF183A3885A049
S11323C03AD40618CCFF7F213A888530CCFFBF1160
S11323D03A38C7A03AD404103AC88B293A884B2A11
S11323E03AD408203A8887183AD40D28CCFFBF186D
S11323F03AC889203A8889218D0000390D00403976
S11324003AD40C180401C0393AD413202EE73F9271
S11324101EA63FE004FFFFB02E08C09817FFBFB010
S11324202603001006050000170080181E03001084
S113243004FFFF18C4FF7F8C36FBFF98150440BCD3
S1132440069A3F003A88050006C83F00171000228C
S113245004DAFFDE152140DD152000DD151E80DCC9
S1132460151D40DC1525C0DF152400DF1523C0DD54
S1132470152280DD151FC0DC151C00DC151600D9E3
S11324803A8823303A8829281517C0D9172880DCC0
S11324903A882B30260A0040171180203A880B40D6
S11324A0150180401711C020440080003A98C410E0
S11324B015028040005E05001716C0D815100018DC
S11324C016A30088150000902CFCDFA834FC9F00A4
S11324D0269180183A880D003A880F003A8809A09E
S11324E03A880BA8151200DD151340DD80A70800FB
S11324F01E170010172780D9440080001500803073
S1132500172980D8269B0210172900D9740080004F
S1132510444AA810C4FFFF10150080203A8805180B
S11325201725C0DF172400DF1723C0DD172280DD45
S1132530172140DD172000DD171FC0DC171E80DCCB
S1132540171D40DC171C00DC0426C0DE3A2800F806
S1132550171600D9171240D9040180D83A880DA85B
S11325600402C0D9150080D8C0C10500150780D861
S11325703AD504A8CCFF0111268600201712C0D832
S113258034048000C4FFBF101701C0DD3A7084A872
S11325903A88111834FC4F124400BF25150800D89E
S11325A03A88050034FECF003A880B483A8809403F
S11325B03A880F183A880D10002E0800F4DB180230
S11325C044D81042F4F44F02C4E9614A3A880F48EF
S11325D03A880D403A880B183A880910403D0800A3
S11325E074D82202C42C3242F4F14F02048A624AA3
S11325F03A880F483A880D403A880B183A880910EF
S1132600003608003A8809B03A8821103A8823181D
S113261080C90800F4271402C47E1E42F4F44F0259
S1132620C404514A3A880F483A880D403A880B1836
S11326303A880910403D08003A880F183A880B88F8
S11326403A880D103A880980003608003A88091043
S11326503A880B183A8821103A88231800D90800C0
S11326603A880D003A880F003A8809803A880B8826
S1132670150D80D800C1080016170310170DC0D817
S1132680840580002E48C11044000001150C00D9B7
S11326903AC885BDC4FFBF11160B0330150A80D993
S11326A0151100D8170DC0D816FF0218170A00D943
S11326B01509C0D8151000D83A88C920150A00D9C0
S11326C0171700D9440280003646001144018000E7
S11326D016040211440040041717C0D844018000B6
S11326E036EDC1103A88C5183A8885103400C00008
S11326F004C0C9183A88C510170000113A680020B0
S1132700EC270000EC270000EC310000C43100008D
S11327100832000014320000172700D9C4C389000E
S113272015008020261000A07400C000044EE81894
S1132730172980D926793F30C7008018C4000019B2
S11327401E100010172980D81500001106733F00D1
S11327503400A000C4FFBF104400C0003A70AA882F
S11327601500C09006583F0034048000C4FFBF1019
S11327703A7084A81EEC3F107400C000044BE818A3
S113278006EB3F00172980D8040200191500001138
S113279006623F001701C0DD170280D8040800015B
S11327A0840CC1B83A88A3180EB841240410C000A0
S11327B03AC8471C04F8BF883A98C6A83AD884A0F7
S11327C03AB0881880E608003A8811103484BF00B3
S11327D0440000013A88D31044F3BE8D150800D993
S11327E0066F3F00151700D844004004C4FFBF0023
S11327F04400C000150E80D8152600D8150F80D8C7
S1132800150BC0D83A882110171680D8151100105E
S1132810171680D8171140113A88091000B6050020
S11328201716C0D8150580D81510801884038000A9
S1132830366800143A0005881E660010170D00D98A
S11328400E300201CC038020FA9004103AD12520E6
S11328507400C0000491E7183A88C5100C04C090B5
S113286017000014170140141E6A03188400800521
S1132870261000907400C00404C3E79C4C008090B0
S11328803A0005101E080010170080991701C0991E
S11328903A880B883A880980403D08003A8821101C
S11328A0440080B53A8823187AD025900402C09C4D
S11328B01EF23F903A880BA83A8809A03A880F88FC
S11328C03A880D80807908003A8829103A882B18B4
S11328D0170CC0D83A0005181E0800103A880500E5
S11328E034FCCF003A880F183A8809A03A880BA81C
S11328F03A880D1000C1080016FE03103A8809B08A
S113290080C908003A880B183A8809103A880DA043
S11329103A880FA8403D08003A8811003407500255
S11329203A8809103A880B183A880F483A880D40BB
S113293000360800170F00D93A882D103430BF0034
S11329403A88B9183A882FE01E8F02203A88050089
S11329503405D0003A8809A03A880BA83A880F18A1
S11329603A880D10002E08003A8809103A880FE0C2
S11329703A880B183A880DB03A8825103A882718F7
S113298000B00800164F83003C00E0E03A8809904C
S11329903A880B983A880F183A880DB000C108009D
S11329A00E0800103A8827003A882500172680D898
S11329B0170500DF150600D83A308400150D80D8BD
S11329C0069B0100171280D9171380D83A88293042
S11329D03A882B101702C0D816850018170D00D995
S11329E08403800016820011FA900420172680D9EF
S11329F07400C0000491E7183A88C51017008014C9
S1132A001701C014161E0330170500D9170FC0D8BC
S1132A103A8823A83A8821A03A882B193A88392081
S1132A20060F00003A8805003409D0003A8809509E
S1132A303A880B583A880F183A880D10403D080020
S1132A403A880B183A880D003A880F003A88091022
S1132A503A8821103A88231880A7080026450010D8
S1132A603A880D903A880F983A8809803A880B88FA
S1132A70807908003A880B183A88091000D90800B0
S1132A803A8809103A88291080C908003A880F1832
S1132A903A8809903A880B983A880D10403D08000E
S1132AA03A880F183A880B883A8809803A880D10BA
S1132AB0002E08003A881510040C80A0050080E060
S1132AC0440000E73A8817181ED67FE53A880D506F
S1132AD03A880F183A8809503A880B1800360800CB
S1132AE03A880D103A8809903A880B983A880F185A
S1132AF03A8821103A88231800C1080016080010EB
S1132B003A880B983A880D803A880F883A88099059
S1132B10009F08001E1700104C0080A0261500100E
S1132B20170D80D8150480D83A8809E0C4FF3F21E6
S1132B300700C020440E80001E088018170580D8A6
S1132B401EFA3F111704C0D8170580D9040C800061
S1132B504400C0181504C0D805008030030080204C
S1132B601704C0D84400002744008010150DC0D8B5
S1132B7005008020171600D9170740D9005E05000C
S1132B80050000E0170D80D91727C0D8172900D9F0
S1132B904400803015008018269C02201705C0D8F8
S1132BA015000027065D3E00170D80D97400C00093
S1132BB00491E718171200D9FA900430171340D97A
S1132BC03A88C51017000012170140123A880D40C8
S1132BD03A880F4800C108000E030010170D80D872
S1132BE0C4FFBF10150D80D8150C00D806A83E00F0
S1132BF0170B00D93AC02C201EC700B0171100DCF7
S1132C00171080DC3A8827000E0B0004170AC0D87E
S1132C100E09C0003A8805801613011C170A00D952
S1132C20171180D93AC8A1803AC889203AC88D3092
S1132C30150A00D9151180D9171080D80E158000F7
S1132C40170BC0D83A0005181EC901100E0E8004D7
S1132C50171600D93A880B983A880D904039060027
S1132C60171600D9170780D93A880B103A8827100D
S1132C7000070600171600D9170740D93A88231011
S1132C80005E0500150740DC171000D93AC88D24F2
S1132C901E0E0130171600D9440040043A880B88F0
S1132CA080250600170980D93A8825100E04800172
S1132CB0171600D93A880B10403906003A882510B7
S1132CC0171780D80EF380883A882300170980D913
S1132CD01E9E01304400C000170A00D93A88C5205E
S1132CE0CC07C0101E84001804078000170A00D9FE
S1132CF0171180D93A88A1803A8889203A888D3082
S1132D00150A00D9151180D9171180D80E05800035
S1132D10170740D9171600D93A880D1040F205005C
S1132D20150780D8170AC0D80E05C000171600D999
S1132D303A880B903A880D1840F205003A8825101D
S1132D40170C00D93A000520266F0110170F00D97F
S1132D500E170201170B80D93A0005301E880010A7
S1132D600E050004171600D93A880B983A880D808E
S1132D7040F205003A8827103AC004881E54021015
S1132D803A880B98170580DD1506C0DC4C0000A7B7
S1132D903A882728170700D93A880B904023020065
S1132DA0170700D9170640D93A882310040CC08DA0
S1132DB0C0730500171600D93A880B903A880D980D
S1132DC03A88291080D905003A882B1017038010FF
S1132DD01E280110170700D93A880BA8C0730500F4
S1132DE0171600D93A8821103A880BA8005E05000E
S1132DF01E040080171780D81E0200103AC004E099
S1132E0026170110160601A01E0400A01717C0D82B
S1132E101E0200183AC004E026010110163D020407
S1132E200500C0B5170580D9170F00D9440080B537
S1132E303A880531266580B0170740D9171600D99E
S1132E40840280013A880F0040290600150780D8C3
S1132E50170680D8260CC114170640D9171600D9B6
S1132E60840280013A880F0040290600171600D911
S1132E703A880B98840280013A880F00150680D89E
S1132E80402906003A88271006C23F003AC8452464
S1132E903A9888A0064B3E00C4FFBF01440080005E
S1132EA0150E80D9150F80D9150B80D81716C0D8E8
S1132EB0C4058000151100182E0880150401C000F7
S1132EC03A8809003A88C71804058018440000218C
S1132ED02EFCBFB0171680D915110031170F00DC76
S1132EE0064B3E00171780D93A88230004FFBF31F0
S1132EF0151780D906F83D00040880003AC8C910A7
S1132F000401C000165A0019C4008000167E3F1147
S1132F100407802006753F00171780D944008000FD
S1132F200EA18011170F80D91710C0D8C4FFBF306D
S1132F3016C681183AC8A518170F80D81662021051
S1132F40171100DC3A880710170A80D9171180D8A6
S1132F50171600D93A88CD303A88C510440040018C
S1132F60150A80D9151180D8802506003A882710C3
S1132F7006253F007400C000044AE81806673D00B7
S1132F80170580DD4400000406070000170740D938
S1132F90171600D9840280013A880F0040290600E0
S1132FA0150780D844000084170700D93A880B908D
S1132FB040230200040CC0150500C0B5170FC0D88B
S1132FC0440080B516F1FF80150600D8170740D9D4
S1132FD0171600D94400800140F205003A88091010
S1132FE03A880B90150780D8C07305000E3C80000A
S1132FF03A8809B0C4FF3F2103004021440E8000F9
S1133000CC3FC0281C20C01804E0FF181E9881186B
S1133010170580D91EF7BF21170D80D8440000374B
S113302044008010150D80D8440C800005008030C9
S1133030171600D93A880B90005E050026CD3E98FD
S11330401706C0D8260400182603C01C171600D97A
S11330503A880B18005E0500171600D93A880B98B9
S1133060005E050006C33E003A88051806EB3E00E4
S1133070170A80D91711C0D804FFBF203A888D30B1
S11330803A8887183A88A180150A80D91511C0D8C2
S1133090061D3F001E0C3FA034048000C4FFBF1077
S11330A03A7084A81E083F102CFC9FA826063F10E7
S11330B01711C0D8170A00D94400C01844000021D1
S11330C01511C0D8150A00D906003F00170740D9CA
S11330D0171600D940390600150780D806ED3E00C2
S11330E01E0200104C0080B81EC13F10C4FFBFB5C3
S11330F00700C0B0040C800026FCBF18440000B7D1
S113310006CB3F00170D80D93AC88F0126F7013846
S1133110CC038039FA900C30740040010491672983
S1133120171200D93A884D311701C030170080308A
S1133130171340D93AD121383A880D103A880F181C
S1133140403D08003A8811103A8813183A8829102B
S11331503A882B1826E50180840080057400400419
S113316004C3678C4C0080803A0005101E080010D0
S1133170170080891701C0893A880B483A880940AA
S1133180403D08003A881110440080B53A8813186D
S11331907AD021800402408C1EF23F803A88294074
S11331A03A882B4806CA3D00170800D93A00052082
S11331B01EF60110171100DC171080DCC40CC118B6
S11331C006613F00150B00D8172680D9170DC0D80B
S11331D0440080303A88AD18C4FF3FB1150E00D9C1
S11331E00EF68105150F80DD06303F00150B00D863
S11331F0172600D90EEB01013A882D20150E00D9AF
S1133200150F00D906293F0044008001150B80D911
S113321006F73F0044000001150B00D906EA3F0001
S11332200E0C0004170740D9171600D9440080017A
S113323040F205003A8809103A880B90150780D8A7
S1133240C07305000EE081004400C0BD840E800000
S113325026A281B8440000B70500C0B506743F003B
S1133260440E8000269D81B80EFA3F05440CC08DA3
S113327006F83F00171600D93A880BA8440000044A
S1133280005E050006DF3E00171600D93A880B9849
S1133290840280013A880F00402906003A882710EA
S11332A0150680D806BB3E00171180D9170D80D8AB
S11332B0150900D83AC88D303AC88700151180D94D
S11332C01510C0D806FE3C003AC88D01151180D9EE
S11332D0150A00D806F33C00170D00D980C9080070
S11332E03A880B883A8809803A880F183A880D1072
S11332F080A7080026E13C10170D80D9C4FFBF3118
S1133300150D80D906DD3C00170700D93A880B90CB
S1133310C07305000E8D3E10170740D9171600D94B
S1133320840280013A880F0040290600170D80D9D5
S1133330150780D8C4FFBF31150D80D91EA701B071
S1133340170E80D8150F80D806803E001704809091
S11333503A8885103A8885103A8885141704001134
S1133360806005000408C0003AC88718065A3E0069
S1133370170740D9171080D9171600D9403906000D
S1133380150780D806433E00170F80D9170D80D843
S1133390150380D9150480D8170BC0D83A00051836
S11333A01EE20010170300D93A88050034F8CF0054
S11333B0FA900C2074000001049127213A880B181C
S11333C03A880D3117FF7F3217FE3F323A880910D1
S11333D03A880F483A880D40807908003A880B18DB
S11333E03A880DB03A880FB83A880910002E0800C0
S11333F03A880BA83A8809A01519C0D8151880D89E
S113340000D908003A8809103A88271080C90800B2
S11334103A880BA83A8809A03A880F183A880D1000
S1133420002E0800171880D93A882318151480D85C
S11334303A882D30170580D9040CC09C151540DC42
S11334401719C0D80500C034170580D8171940D9FA
S1133450171480D93A8809B03A880F883A882F1807
S11334604400001700B00800164E8000171480D9DD
S11334703A88050034FCCF003A880B183A880F8844
S11334803A880910002E0800171940D93A880F18F5
S11334903A8809B03A880D1000B0080016A2BD00A1
S11334A01703C0D8440080001612C01006453D0022
S11334B0171480D93A88050034FCCF003A880B18D9
S11334C03A880F883A880910002E0800171BC0D9C3
S11334D03A880B183A8809103A880DB000C10800E0
S11334E016913D10170580D9170300D93A88053184
S11334F02634BDE0340950043A8821003A880BB8D8
S11335003A8809B03A880D803A880F88403D08000F
S1133510171540D9171400D93A880F883A880D0036
S1133520151A80D8151BC0D8403D08003A880B18DE
S11335303A8809103A8823183A88211000D90800DB
S11335403A8809103A882B1080C908003A880B88F9
S11335503A8809803A880F183A880D10002E08001E
S11335603A882110171B00D93A882318151400DC57
S1133570040C40AD151540DC171A80D8050040E551
S11335803A882F20171BC0D9171400D93A880B8802
S11335903A880D103A882D10440000E700C1080055
S11335A00EC33F10170400D9150D00D906713D0054
S11335B0171780D9840080000EE6BD111EFB3C2045
S11335C0171600D93A880B90440180013A880F00FD
S11335D040290600170700D93A880B103A882510AD
S11335E0C07305000EF1BC00170DC0D8170500D933
S11335F0150600D84400C018150DC0D8440C80002E
S1133600440000270500802006893E001705C0D825
S113361006C23B007400800104C3A7311709C030FF
S113362017088030171200D9171340D93A880F1899
S11336303A880D1080790800CC038094C40080057A
S11336403A8829103A882B1806893C00171000D9AB
S1133650170980D93A8825003AC805113A88892083
S11336603A888D30151000D9150980D906323E00EC
S1133670440080284400002705008020066C3E009A
S1133680170F80D816E0BC00170F80D91EC53C3038
S11336903A8805003405D0003A880B983A880F1808
S11336A03A8809903A880D10403D08003A880B1872
S11336B03A880FA83A8809103A880DA080B8080003
S11336C00EB83C103A8827003A88250006C63F0009
S11336D017014099171600D900B605001704809900
S11336E004030011040340993A888D313A888D31DE
S11336F0040280313A882310803C0500171600D953
S11337003A880B884400800140F205003A880B1087
S1133710069C3D00440E8000267080B8440080B8AA
S1133720440000B7050080B006413E00170380D86E
S1133730740080010491A7313A8809B0FA900E1000
S11337403A880BB83A888F3917FEBF38170580D9E5
S113375017FFFF38440000373A880F183A880D10D5
S1133760403D08003A880BA83A8809A03A882F18E7
S11337703A882D1000D908003A8809103A88271091
S113378080C908003A880BA83A8809A03A880F181B
S11337903A880D10002E08003A880B181705C0D877
S11337A0040CC09C3A8809100500C01C3A882120EA
S11337B0170300D9440080003A8823282622802059
S11337C03A8829103A8805003409D0003A880F183D
S11337D03A880D103A880B883A880980403D0800E1
S11337E03A880B183A8809103A8823183A88211025
S11337F000D908003A8809103A882B1080C90800BB
S11338003A880B883A8809803A880F183A880D104C
S1133810002E08003A880B181705C0D83A880910FA
S1133820040C40AD3A88051D050040153A88212056
S1133830170300D9440000A53A8823281EE13FA1BC
S11338403A8805E5C4FF3F173A88250034F8CF04C9
S11338503A8809B03A880BB83A880D903A880F989C
S1133860003608003A880B183A8809103A880D8007
S11338703A880F8800C1080016AB3C103A8809004A
S11338803A880B983A880FB83A880DB0002E080091
S11338903A880B183A880F883A8809103A880D80BC
S11338A000B008000E47BC00040CC000C4FF3FE792
S11338B0070080E026FDFF10170480D9440000E7CC
S11338C0150D80D906AB3C00170FC0D8171100D9CD
S11338D03AC8E1203A880700069B3D00440E800068
S11338E0050080B0440080B506C13D008400800519
S11338F006F73B00170F00D90E003C01170E80D9C4
S11339000E30BC013A8805003409D0003A880BA86F
S11339103A880F183A8809A03A880D10403D0800EB
S1133920440000B13A8821103A88231880C908005D
S11339303A880B883A8809803A880F183A880D101B
S1133940403D08003A881100340750023A880B18A9
S11339503A880F483A8809103A880D400036080022
S11339603A882D103430BF003A88EF10170D80D8F4
S1133970170EC0D83A882980C4FFBF103A882B8814
S1133980150480D81503C0D806833E00170180D8DB
S1133990171100DC171080DC840DC0003AC88718AA
S11339A006693D00440080013A882130150F80D912
S11339B0152680D9150E80D906933B003A8821B08C
S11339C0150F80DD06903B001E223E104C0080B88F
S11339D03A0005101E1F3E10061B3E00171600D9A4
S11339E03A880B98840280013A880F004029060027
S11339F0170EC0D83A882710150FC0D806D33C003C
S1133A0004FBFFDE1503C0DC150280DC1504C0DFF7
S1133A10150140DC150000DC3A8827203A88252867
S1133A2026020020170E8020265600100B0300915A
S1133A30CCFFFF201C00E0180400E0180C028018E2
S1133A401E2600101701C090140082200D038090E0
S1133A503A8809100E40C000170A00922640004020
S1133A600C00842026530010171400940B0380903C
S1133A700C0180101E480010170740913A880998DD
S1133A803A880D803A880F003AE83E401E2680802E
S1133A900B0380901704009115010090CCFFBD101A
S1133AA0CCFFFF100C00C4180D038090150000918A
S1133AB0262B00183A8807003A8805181514009434
S1133AC01704C0DF1703C0DC170280DC170140DCD9
S1133AD0170000DC0405C0DE3A2800F817044094FF
S1133AE0261F008817008090CC00C0181500409451
S1133AF03AC86114262500183A88050015028090FA
S1133B000E1700041709C090170740913A880D88D2
S1133B103A880F803A8809983AE83E183A88A38888
S1133B203AC8A18016F6BF000B038090C4FFFF00C3
S1133B30141080100D0380903A8805181704C0DF14
S1133B401703C0DC170280DC170140DC170000DC1F
S1133B500405C0DE3A2800F8170F809016BEBF0097
S1133B603A8807003A8805181704C0DF1703C0DC39
S1133B70170280DC170140DC170000DC0405C0DEFE
S1133B803A2800F880C9030006A83F001705809072
S1133B901502809006DA3F0017018090170CC09040
S1133BA03AC8A18026B43F18170F80903AC8A18064
S1133BB006B13F00170740913A8809983A880D00EA
S1133BC04400C0013AE83E403A882110C4FFBF00D7
S1133BD026028080170A009206A43F001700C098AE
S1133BE04407800026DEBF180B0380903A880780C4
S1133BF0141080100D03809006CF3F003400400164
S1133C0004804E293A88072026050020740080008D
S1133C100459AA10170000113A880B1801A00300D8
S1133C2074008000045AAA1017000011C17C04001B
S1133C3034008000042A9B10150B8020340080007F
S1133C4004659B10150880203400C0000446DB186E
S1133C5034008000042C9B100D0340218D0380212F
S1133C601509C020150A8020150000201501002028
S1133C70150200201504002015050020150600205B
S1133C80150700213A2800F83A2800F83A2800F8E5
S1133C903A2800F83A2800F8170E802004FDFFDEC9
S1133CA0150140DC150000DC1502C0DF44004004AF
S1133CB0040140013A880D003A88212004BB002207
S1133CC03A880F20260500101702C0DF170140DCD8
S1133CD0170000DC0403C0DE3A2800F817010021B5
S1133CE034008000045F8F10C400C000150F808072
S1133CF015B9C08015BA0082150E408415B800802D
S1133D0000C30300170200813A880D883A880F80A7
S1133D108402400100C30300170300813A880F8026
S1133D2084044001840080011702C0DF170140DCD5
S1133D30170000DC0403C0DE01C303003A88050059
S1133D403A2800F83A8805003A2800F87400800000
S1133D500459AA10170000113400400104514F29DE
S1133D6041890400740080000459AA10170000114E
S1133D7034004001044F4F294189040034004001BC
S1133D8004575C294189040074008000045AAA1075
S1133D9017000011C1D7030004FCFFDE150140DC4D
S1133DA02417402C150280DC3A8825280403408916
S1133DB0150000DC1503C0DF40BA04003A88210076
S1133DC03A880D883A880B00260600100403001177
S1133DD01501801415000010150200113A882110F5
S1133DE0805405003A8805801703C0DF170280DC81
S1133DF0170140DC170000DC0404C0DE3A2800F898
S1133E0004FDFFDE74008000045AAA10150000DCD3
S1133E1017000014150140DC1502C0DF170E808066
S1133E203A8823202626001004B8008417018080D5
S1133E3017020081C4FFFF10160900180F03802029
S1133E40260B0010C4FF7F01060200000F03802030
S1133E5026070010C4FFFF18041700211EFB7F195A
S1133E6017008080261900103A88211006EF3F00C1
S1133E70C4FFBF004400C0008D0380200D03C02098
S1133E801500002015020020150100201504002053
S1133E901505002015060020150C0020150D002026
S1133EA015110020151200203A8805201702C0DFE2
S1133EB0170140DC170000DC0403C0DE3A2800F8D8
S1133EC03A88098080C9030006D73F003A880988E8
S1133ED00401400180D90300150080801EE23F10D8
S1133EE0040380003A8809001500808806EE3F002C
S1133EF004FBFFDE1503C0DC7400C0040457E99C16
S1133F00150280DC150140DC150000DC3A8823280A
S1133F103A8825201504C0DF807A090017028098AA
S1133F203A8809903A880B001701C01004FFBF00BB
S1133F303A70A0183AC86384C4FB438C3AD32288ED
S1133F40C4FF8300C4FF7F8C3A9322880E0640147A
S1133F5080C306001702C0983A8809903AC84B04F7
S1133F603A88C7802609C010C07A09003A8805003B
S1133F701704C0DF1703C0DC170280DC170140DC24
S1133F80170000DC0405C0DE3A2800F83A880990DE
S1133F9080C306003AC84D84C4FFFF003A880990E4
S1133FA03A880B007400C0010467EA395400803178
S1133FB02609C010170080381702C0983A88099063
S1133FC03AC845141500803815018019C07A0900D3
S1133FD04400800006E63F0080C306001702809973
S1133FE03A880F103A8809903AC88711C4038000B0
S1133FF0540040190EDCFF1074008000045EAA1007
S11340001700C010740080000467AA101501403125
S11340103AC8C7381500C01006D33F0004FDFFDEC0
S1134020150140DC150000DC1502C0DF3A882128A8
S11340303A882320265A0028807A090004FE3F8209
S11340401701404184FFBF00740080020457A95245
S11340503A708E283A88CD411701C03017020051BA
S113406004FFBF003A7092183A881750266700314F
S11340704C0080283A000510150140321E1A001029
S11340803A880B003A884732170180184C00801098
S11340901E2300103AC00A283A884F3A1E450028C9
S11340A017020031740080000459A910267B802077
S11340B0170380303A88073A1500C0191502001119
S11340C0150380205400803815018040261A0028EA
S11340D03A8809881702C0DF170140DC170000DCAA
S11340E00403C0DEC17A090017FEBF800402C05079
S11340F03AC89140170200413A888F382661C0209F
S1134100170380403A8847323A880B0015020011A1
S113411015038020170180184C00801026DD3F1005
S1134120540080383A88073A3AC00A28150180407A
S11341301500C0191EE63F28C47F80002E1FC01141
S11341407AD206381E480018FAD00438FA900610BD
S11341503A88CD1A17024031265940311701802878
S113416004FFFF003A70C4102E0280381702402961
S11341701EFA7F311703802915038041150240413F
S11341803A8809881503002A150200321702C0DF95
S1134190170140DC170000DC0403C0DEC17A09000B
S11341A01702C0DF170140DC170000DC0403C0DE87
S11341B03A2800F81702003106BD3F00FAD006384D
S11341C04400800017014051FA900818BAD007182B
S11341D03A88C922170280213A98C4101503004175
S11341E0150280413AB08A28150200223A880988CB
S11341F015014051150300321702C0DF170140DCDE
S1134200170000DC0403C0DEC17A09004C008028DA
S11342103A884D3A1E07001017FEBF803AC89140F5
S1134220170300411702C0403A888D301502C020A0
S11342301503001974008000045DAA101700001112
S11342405400C030150200521501C04036A03F3161
S1134250740080000462AA10170040113A8809888B
S113426000EF0300069A3F00040180002E07C010EF
S1134270040580003619C010C4168018FA90061080
S113428006B33F0044004001067E3F00BAD1043823
S1134290040E8010FA90061006AD3F0015030022AC
S11342A0150200223A88053A5400C0381500C0119E
S11342B0150200411501C0401503004106843F006A
S11342C0BAD005104400C000170100513A9886186E
S11342D03AB0C8201501005106A73F00041580001C
S11342E03604C0103AD30438841B8010FA900610A8
S11342F006973F00045580003604C010FAD30438F2
S1134300C41D8010FA90061006913F0004558100E8
S11343102E03C010841F800004FCC000068C3F00E4
S1134320BAD40438041F8010FA90061006883F009F
S11343301702803004F5FFDE150900DF150780DD64
S1134340150380DC150AC0DF1508C0DD150640DD45
S1134350150500DD1504C0DC150240DC150100DC88
S11343603A882D303A8839203A882528261C0010AE
S11343700B03C0290C02803826270010170480285C
S1134380262500108C008038170040B52628001020
S11343903A8821003A8823003A880D883A8809E04F
S11343A004008100266E00803A880F801707409130
S11343B02E0100143A880F101709C0903AE83E18ED
S11343C03A8807103AC8A1803A88A3880E6D800005
S11343D0170280B03AC8C510150280B01EEE3F1017
S11343E03A8809003A880520170AC0DF170900DF58
S11343F01708C0DD170780DD170640DD170500DD4F
S11344001704C0DC170380DC170240DC170100DC52
S1134410040BC0DE3A2800F8800F02001EE40010EE
S11344200B03C091170040B58C0080381ED83F1094
S11344304C0080383A000510265700103A882900AD
S11344403A882F00264200A00C808038170200947E
S1134450268B00103A880D8036A500A40C208138E4
S1134460262700101705809017040092170040912A
S11344703A8887103A888718FAD708183AC8212A40
S1134480440080803A88C9207AD027203A8885A0C1
S11344903A880D982E0280983A8827103A880D1091
S11344A00C00813826B800103A880B303A8809E0AD
S11344B040BA040026310010170440913A880910CC
S11344C03A880D803A882310803C05000B03C09085
S11344D0C4FFBE003A7086181420C0180D03C090A3
S11344E03AC8079C3A88058C3A880DA03A8821A0DE
S11344F0150080901502C090150440941505C094D1
S1134500170000913A880BB83A8823A0804605002A
S11345101702C090170080903A8827A03AC8071C59
S11345203A8805141502C0903A8821A0150080909D
S1134530170280B03AC80514150280B026A83F10AF
S11345403AC869A40B03C0913A88EFBC1EBE3FA0D1
S11345501700C0AD170100AD040240AD06B93F001D
S1134560170040AC170100AC040240AD068A3F00BE
S1134570170440913A8809E0C00104000403800054
S1134580150080E00B038090C4FF3F0114108010DD
S11345900D03809006933F003A8827003A882F0045
S11345A0150000D83A882900261E00981700C0D8A4
S11345B03AC00418265E00103A8821982E01C0A43F
S11345C03A8821A017000091170480901702809167
S11345D01705C0912E0200113A88E3311616008C9B
S11345E01638C0811709C090170740913A8809E02E
S11345F03A880DB83AE83E183A8823100EE1BF0015
S11346003AC869A4261800A0170280B03AC8451415
S1134610150280B026723F103AC8679C3A886FBC76
S11346201EE23F981700C0AD1701C0AC040240ADB4
S1134630150000D806DC3F003A880BB83A880D888C
S1134640804605001700C0903A8809E03A880B902C
S11346503A88471C1500C09000A003001EC93F10F3
S11346603AC869A41EE83FA03A8809E03A880B904A
S113467000A003001EC33F10150000D806E23F004F
S113468017000091170480902E0200113A882380AD
S1134690363100851705C0913618C0A11709C0909E
S11346A0170740913A8809E03A880DB83AE83E186D
S11346B03A8821100EB3BF003A8823103A88271095
S11346C0069B3F003A880BB83A880D808046050067
S11346D01702C090170080903A8823803AC8071CBC
S11346E03A8805141502C0901500809006C43F0056
S11346F03A880DA03A8821A006813F003A880BB879
S11347003A880DA0804605001702C09017008090DB
S11347103A8821A03AC8071D3A8805153A8823A08B
S11347203A8827A01502C0901500809006803F00AB
S11347303A8809B8840240013A880D98402E050051
S1134740261700103AC8C51544000015440080001F
S1134750150080D806983F003A880BB83A880D8037
S1134760804605001700C0903A8809E03A880B900B
S11347703A88071C1500C0903A88278000A00300DF
S1134780266B3F10067F3F003A880B403A8809E0C9
S1134790405D060026763F103A88231006503F00FD
S11347A04400C0004400009D1500C0D806823F00AC
S11347B00B0380904402C000C4FF3F01141080101A
S11347C00D0380901500C0E006063F0004F7FFDEED
S11347D01503C0DC04B8C024150680DD150540DDD2
S11347E01508C0DF1507C0DD150400DD150280DCE7
S11347F0150140DC150000DC3A882B203A882D286E
S113480080C80300262100983A882F001701809C55
S11348101702009CC4FFBF90160D00103A882300B5
S1134820C4FF3F050F0380804400408C260600101F
S11348308F0380803A880B803A8809A826020015E5
S11348403AE83EB03AB0AEB8041700841EF57F943F
S11348501700C09C1EED3F98C0C803003A8805B8F5
S11348601708C0DF1707C0DD170680DD170540DD18
S1134870170400DD1703C0DC170280DC170140DCDD
S1134880170000DC0409C0DE3A2800F83A882F003B
S113489006F13F0004F8FFDE1503C0DC04B8C024B1
S11348A0150540DD1507C0DF150680DD150400DDA4
S11348B0150280DC150140DC150000DC3A882B2849
S11348C080C80300261F00983A882D001701809C99
S11348D01702009CC4FFBF90160C00103A882300F6
S11348E0C4FF3F050F0380804400408C2605001060
S11348F08F0380803A880980260200153AE83EA892
S11349003AB0ACB0041700841EF67F941700C09C24
S11349101EEE3F98C0C803003A8805B01707C0DFF1
S1134920170680DD170540DD170400DD1703C0DC22
S1134930170280DC170140DC170000DC0408C0DE2D
S11349403A2800F83A882D0006F23F001704A0D058
S11349503A2800F8740080000485A7103A2800F86B
S1134960740080000459AA10170000114195040036
S113497004FCFFDE7400C000044FE818150280DC5C
S1134980150140DC150000DC3A8823203A882528EC
S11349901503C0DF3A8821303A8809303A880B1869
S11349A02609003040DF06003A880980740040017F
S11349B0042968291E0B0010150D008C150C808C21
S11349C07400C000044FE8183A8805181703C0DFC4
S11349D0170280DC170140DC170000DC0404C0DE91
S11349E03A2800F840DF06003A88070026F23F1014
S11349F006F53F00740080010459AA313A88072063
S1134A00170000313A880D283A880B1801970400E2
S1134A100B03802804EDFFDE151040DC8C008010B1
S1134A20150F00DC1512C0DF151180DC3A8821282F
S1134A303A882320260B0010C410C02844008000AC
S1134A40150580281504C0281500C0281712C0DFDA
S1134A50171180DC171040DC170F00DC0413C0DED4
S1134A603A2800F88F034029162100283A880DD8E7
S1134A7000170700161E0010170180D81400E0006C
S1134A800C003C112631C0200B0380800400C800B8
S1134A90140082100D038080261EC02004008104AF
S1134AA03A8809883A880B9040BA04003A88091079
S1134AB0263100100B03C08034008000045F8F1087
S1134AC0150F80881420C018150580840D03C0803C
S1134AD015040081150000811712C0DF171180DC56
S1134AE0171040DC170F00DC0413C0DE3A2800F86E
S1134AF00B03C0800C2080182604001004108004CE
S1134B00140082180D03808006E53F000400810430
S1134B1006FB3F008F0340813A880988401E070046
S1134B2026DE3F100B038080C410C0800400810483
S1134B30540080100D038080440080001504C08060
S1134B40150580801500C08006D53F00170AC08077
S1134B5034008000042C9B101ECBBF180B038080F4
S1134B600400C1003A8825183AB0C4100D038080AF
S1134B701513C08006CA3F000B0300810C808020FF
S1134B801EB23F10C410C080940000214400800075
S1134B90150580800D0300811504C0801500C080B8
S1134BA006AA3F0004F6FFDEC402C0288405800084
S1134BB0150280DC1509C0DF150800DF1507C0DD0C
S1134BC0150680DD150540DD150400DD1503C0DC88
S1134BD0150140DC150000DC3A8825203612C0108F
S1134BE0040440042E144089040380003A8807001A
S1134BF0150080903A8805181709C0DF170800DFF0
S1134C001707C0DD170680DD170540DD170400DD3A
S1134C101703C0DC170280DC170140DC170000DC3E
S1134C20040AC0DE3A2800F804FEBF003A70A21855
S1134C3016ED3F8836EC7F893A880990807A09001E
S1134C40C47D80002E2B40147AD206881E3F0018A3
S1134C50FAD00C88FA9004307400C0020457E95A60
S1134C603A88CB121703002C3A880F581E04002CE4
S1134C70060A00000E860018170300842607002C7D
S1134C801701808004FFFF003A70C8103AC8472417
S1134C90C40380000EF7FF10C4FFBF31440040324C
S1134CA0740080020459A9521702005426A080827D
S1134CB01701808004FFFF003A70CA103AC84D2CD7
S1134CC0C40380001683801115038052150280529C
S1134CD0162900303A884781170180183A880990CC
S1134CE05400801015018018C07A09000402C080A5
S1134CF006C03F007400C0020457E95A3A88C58AC6
S1134D00170300143A880F58FAD00688266C00144A
S1134D101701C08004FFBF00170380813A70861812
S1134D203A88C78017018018170240813A88099091
S1134D305400801015018018150240311503802994
S1134D40C07A09000402C08006AA3F000401800062
S1134D502E05C010040580003678C010C4168019D2
S1134D60FA90043006BC3F00BAD10488040E8011C6
S1134D70FA90043006B83F00C47F800036BB40116F
S1134D80FAD0062804FE3F5744008000FA90081821
S1134D90BAD007181701C0E13A880959170240210F
S1134DA03A98C41015030081150240813AB08E3838
S1134DB01503002C150200241501C0E13A880748A8
S1134DC016CD0048BAD00718440080003A98C8109D
S1134DD0364400393A70C4211E0A00103A88092169
S1134DE004FFBF003A7084483A7006390401401247
S1134DF01E0400183A8809213A7004390401404A13
S1134E0026FC3F10FA9004483A88194804FF3F02F0
S1134E103A889B583A880768C40340011703001C6A
S1134E201E04001C06A700000EAB0030170300840C
S1134E3026A4001C170180803A7004123AC84D144D
S1134E400EF9BF29170300811702C080540040895E
S1134E503A8845841502C0201503001915014081C4
S1134E603A88871154000031150380501502805090
S1134E701500801915010011150280121503801206
S1134E803A880990C07A09000402C08006593F009C
S1134E903A880981170180201702C08017034081D6
S1134EA054008010150180201502C02815034019F4
S1134EB03A880990C07A09000402C080064D3F0078
S1134EC004028080170300141E913F148400401ACA
S1134ED006733F005400C0883A8845841501C08099
S1134EE006DF3F00170200E404FFBF001701C08083
S1134EF03A882D803A70AA18361640AC3AC849ACA4
S1134F00C40380000E130011540080883A8847843B
S1134F101501808054008020150180181502C0E01E
S1134F203A880990C07A09000402C08006313F0023
S1134F301701C03904FE3F5706A03F000415800046
S1134F403667C0103AD30488841B8011FA90043069
S1134F5006413F00170AA0D01706E0D0C4FF3F0562
S1134F60040480103A88A7882603001DC4FFC39850
S1134F700400BC003A70A6183A8809903A880B9845
S1134F8080C306003A880910260400153A884B8528
S1134F903A8829102E5A4011260C0087170200E483
S1134FA01701C08004FFBF003A7084183603401410
S1134FB03AC84914C403800016D33F113A880990B3
S1134FC0C07A09003A880700060A3F007400C00549
S1134FD00467EABD170080B83A888D98150080B937
S1134FE01706E0D0C4FFBF00268E80183AC84521BA
S1134FF03A888530150080B8CC01C0201E5F0018A7
S11350003A880B003A88C5A4CCFF83100400C4007E
S11350103AC887183A88E7283A8809903A880B985A
S113502080C306003A880710C4FFBF00267A8018A0
S11350303AC8051D3A8885985400C010170080B8F6
S11350403A8821A01501C0A03A888598150080B837
S1135050150200E5263600B7C4038001364B4035FF
S113506044008000150180A006CD3F007AD20828B4
S11350701E370020FAD00828FA9006203A88D11A60
S113508017028041265B80411701803004FFFF0036
S11350903A70C4102E028028170280311EFABF41D4
S11350A0170300321701C0391503008215028081ED
S11350B074000007045729E715030034150200445F
S11350C0063E3F0044000063CC008060265D001073
S11350D00402C01806513F003A888980066D3F00DB
S11350E0045580003620C010FAD30488C41D8011F2
S11350F0FA90043006D83E00C400C04806313F0090
S11351007400C0050467EABD170080B83A888D981A
S1135110150080B91EB23F29CCFF83201EB03F107A
S1135120170200E43A88459D5400801015018080E0
S11351301700C0B8170BA0D02E01C010150BE0D07B
S1135140170CA0D02E96FF10150CE0D006943F004B
S113515004018000361E0011BAD10428040E001187
S1135160FA90062006C53F00045581002E1DC0108C
S1135170841F800104FC800006B73E000402800006
S11351803AC8CB103A886921069E3F0004FEBF004E
S113519004FD3FA93A7088203A880BB14401C0004D
S11351A01502C0281501C028170180B04C008010DA
S11351B03AB08420150180B02EDD3F31040240B1A5
S11351C03A880990C0010400170200E406D83F00A1
S11351D00405800036150011C4160021FA9006203B
S11351E006A63F00BAD40488041F8011FA90043044
S11351F006993E00BAD00920740040010457692979
S11352004400C000170180283A9806193AB0C41027
S11352101501802806A33F003A8827004400C000F7
S113522006863F00150620D106733F000415800052
S1135230361900113AD30428841B0011FA90062071
S1135240068E3F003A880B483A880768CC008028CD
S113525004FEFF18C4FF7F292615001017028018CA
S113526026FAFF103A880921361E3F39261D3F20B1
S11352703A70C421260200103A88136006E13E0009
S11352803A8809213A7004390401006326FC3F106E
S11352903A88136006DB3E0004558000360800118E
S11352A0FAD30428C41D0011FA90062006733F00A7
S11352B03A3004013A708E381501C0E106E93F0026
S11352C0045581002E030011841F000104FCC0005A
S11352D0066A3F00BAD40428041F0011FA9006207D
S11352E006663F00C4008000CC3F40293A8807206E
S11352F02E0280113A708420260B0010C4FF3F3127
S11353001E050030062C0000C4FF3F21C4FFBF006F
S11353104400C01826288020030080181EFABF28E5
S11353203A8805183A2800F83A8811003A880700A4
S11353300401C0013A9204404400C0183A88511153
S11353401EFCFF19F4BFBF02C4BFBF527420600229
S11353500420604AC400C0021700802004FFBF314B
S11353603A880F203AF004123A8887123A70461AA3
S11353703A3084003A70C410260B001003008020D9
S1135380260F8028430080204400C021260C80285A
S1135390830080208400C02126098028C300802047
S11353A0C400C021260680280401002136EABF5922
S11353B03A88072006D13F003A8805003A2800F8C9
S11353C03A8805383A2800F8C403C0013A8807200F
S11353D02E0380393AB00429CC008010260900102D
S11353E0260600303A88CD30030080284400402946
S11353F0050080184400C0181EFBFF303A880520C1
S11354003A2800F83A8811383A880F201700C02843
S113541004FCBF311500C0381701802815018038FD
S11354201702C0281502C038170380280404402935
S1135430150380380404C03936F4BF41C400800029
S11354402E0780113A8807101700802804FFBF3107
S113545004014029150080380401C03936FABF1907
S11354603A88073806DE3F003A8807283A88112030
S11354702E0C00293A888F292E0AC02126070030D5
S11354803A8887213AC88D19C4FFFF390300803850
S1135490C4FFFF18050080181EFBBF193A880520B9
S11354A03A2800F8C403C001360A803926FB3F308D
S11354B03A880F403A880D3203008028440040297E
S11354C0050080384400C0391EFBBF393A880520E6
S11354D03A2800F83AB00419CC0080101EF33F10AB
S11354E03A8811383A880B183A880F201700C028D8
S11354F004FCBF311500C03817018028150180381D
S11355001702C0281502C038170380280404402954
S1135510150380380404C03936F4BF41C400800048
S11355202E0780113A8807101700802804FFBF3126
S113553004014029150080380401C03936FABF1926
S11355403A88113806D93F00C4008000CC3F402976
S11355503A8807202E0280113A7084202608001011
S1135560260500303A8805283A88CD300500801891
S11355704400C0181EFDBF193A8805203A2800F8D7
S11355803A920428C40300023A880F203AB08428CF
S11355903A9406103AB0C6102E0A80413A88054063
S11355A004FCBF311500C0381501C0381502C038DD
S11355B01503C0380404C03936F9BF11C400800093
S11355C02E05801104FFBF31C40080001500C038CF
S11355D00401C03936FBBF113A88073806E03F00A2
S11355E02608002817018028171300213A888510FF
S11355F03A8885103A8805111700C0101500C02894
S1135600150040113A2800F8ECFFBF2026140010C2
S11356103A8807002CC0BF201E0200103A920820CE
S11356200402C0182C00BC201E0200103A9108206D
S11356300401C0182C00B0201E0300103A88052174
S11356408400C0183A888910160300202C0090208A
S1135650260600104400C0183A8805183A2800F8B5
S11356603A9408200404C00006EA3F000408C0007D
S11356703A8805183A2800F81700C020CC01801891
S1135680260A00104C0080183A000510262100104C
S11356908C0080181E250010BAD004188400400124
S11356A0150080203A8805283A2800F8CCFFBF1856
S11356B0261500103A880B00CC3F80181E020010FB
S11356C03AD2061804024029CC0380181E020010A6
S11356D03AD1061804014029CC0080181E0200109B
S11356E0BAD00618840040294C0080181E0300100C
S11356F07AD00618260A0018440040293A8805285A
S11357001500C0203A2800F83AD4061804044001D1
S113571006E93F003A880B003A8805283A2800F841
S1135720040840013A8805283A2800F87AD0041879
S1135730440040011500802006DA3F001704802051
S11357401704C0283AC8CF101E0C00383A88C51870
S11357503A8885100405C010040500213A88CB2836
S11357603A88852004FFBF1004FF7F2917008011A9
S11357701700C0281E03C03036FABF203A88053807
S11357803A2800F83603C0304400C0013A8805388E
S11357903A2800F8C4FFFF0106F83F002CFC5F29FB
S11357A034303F013A880B293AC845013AD50710ED
S11357B03A880D000E0440013A880F283A880738C9
S11357C03A8805303A2800F8C404800004FB3F19E5
S11357D00E0CC010C40780003AC80711840780006B
S11357E04400400116020011440080003A98CA1097
S11357F03A880F003A880D283A8807383A880530E5
S11358003A2800F8340280003AD8CF103A880D00C4
S11358103A8805303A8807383A2800F81704802077
S113582004F9FFDE150400DD3A888510040500251F
S11358303A888510150000DC3A88A1A0150540DDE2
S113584017FF7F85150140DC1506C0DF3A8809A8DB
S11358503A8823281503C0DC150280DC806005002B
S11358603A880B10040880003AC845111500808856
S11358708402800004FFFF8016144011C4028000DB
S11358803AC849113627C0A03A880D00440580283B
S11358903AD806A93A9884A834FCCF1C3AB0A4118B
S11358A03A8805903A8807981706C0DF170540DD47
S11358B0170400DD1703C0DC170280DC170140DC8D
S11358C0170000DC0407C0DE3A2800F8360EC0A03A
S11358D044FD3F293A880D00260F0020040880006B
S11358E03AC80B113612C0A03A880F003A9804A99E
S11358F03AD846313A98083134FC8F103AB0A61899
S11359003AB0243906E63F0044FD3F2917FEBF8123
S113591004FEFF801EF13F2034FCCFAC3A882530D2
S113592006DF3F0017FFBF183AD80C1106D73F0017
S113593017FFBF183AD84E1106EC3F0004F9FFDEFA
S1135940150240DC3A8823283A880BD81506C0DFB4
S1135950150500DD1504C0DC150380DC3A8825201C
S1135960C08105003A880988040140D93A88271083
S11359703A882918C0810500170400891704C091CA
S1135980170180D93A880B183AC80F393A88091098
S1135990170080D87A910E383A8811203AC88511B8
S11359A03A88C5113A9506103A8813280E0D8000DE
S11359B03A88291D3A880BA03A880F483A880998F2
S11359C03A880D40807908001706C0DF170500DD0E
S11359D01704C0DC170380DC170240DC0407C0DEB8
S11359E03A2800F83AC8D32806F23F0004FEFFDE46
S11359F0C4058000150000DC1501C0DF3A882120B1
S1135A00160C0011FA9004207400C0000491E718E9
S1135A103A88C51017014012170000123A88074847
S1135A203A8805401701C0DF170000DC0402C0DE1D
S1135A303A2800F83A88110034FC4F023A880500ED
S1135A403409D0003A880B483A8809403A880F183C
S1135A503A880D10403D0800C4FF3F843A88111075
S1135A603A8813181EF53F803A8805403A8807485B
S1135A701701C0DF170000DC0402C0DE3A2800F87A
S1135A80C4FF7F29170480307AD10B2804058031A4
S1135A903A8885103A884B293A884B293A888510E8
S1135AA03A880B293A888730040140292E05C030F2
S1135AB0170080300401803115008020040100218A
S1135AC036FBFF302E034021150000200401002185
S1135AD036FD7F213A2800F8170480207AD1072860
S1135AE0040500210E0DC0103A8885103A888510EF
S1135AF03A888D202E18802117FFBF3004FFFF3015
S1135B001E0400102E14C02004FFFF181700801874
S1135B1026FC3F10440080003A2800F80E0A801842
S1135B20CC074029260800283A88C5183A888510E9
S1135B303A888D201700C0303AD844193A98441155
S1135B401EF4BF1806EB3F003A88C5183A88851042
S1135B503A888D2006E73F003A8805003A2800F885
S1135B601713C02004FBFFDE1503C0DC150280DC24
S1135B701504C0DF3A882528150140DC150000DC37
S1135B803A882720040480010401400126170018E4
S1135B90440040013A8885943A98A22C3A888510AA
S1135BA03A88C7101700001C3A884D8C3A888D310A
S1135BB03A880998040580312612008017008080F5
S1135BC01500801815040080150300803A880580AC
S1135BD01704C0DF1703C0DC170280DC170140DCA8
S1135BE0170000DC0405C0DE3A2800F880F2060045
S1135BF03A8807103A882100151380981EE43F1054
S1135C0006F23F0080F2060026F03F103A88211089
S1135C10150180141502401406EA3F0004F5FFDE66
S1135C201505C0DC4400C004150200DC3A882128B4
S1135C303A880B981509C0DD150880DD150740DD8D
S1135C40150600DD150480DC150340DC150AC0DFF1
S1135C503A8823303A882D38170BC0DD00B605008A
S1135C603A8825103400A000C4FFBF103A70888819
S1135C703AD52A2034048000C4FFBF103A708688C5
S1135C803A0029A83A880B801501C0D8040500946D
S1135C901E0200A03404C0181501C0D8262700280D
S1135CA03A8809D8150040D9806705003A880D1054
S1135CB0263500101701C0D8040880003AC88511A1
S1135CC0170000D93A9886183AB006191505C090FD
S1135CD01701C0D83AD886191501C0D83A000B1854
S1135CE0840080003AC84B111501C080150440910E
S1135CF01E1A00A03A88453544F3BE10440DC00076
S1135D00150080B03AC887191500C0B83A880590C4
S1135D10170AC0DF1709C0DD170880DD170740DD4B
S1135D20170600DD1705C0DC170480DC170340DC10
S1135D30170200DC040BC0DE3A2800F8040100D985
S1135D408067050004088011170180D81504C094E9
S1135D503A880B981505809026E63FA03A88452995
S1135D603A8885103A88051417FF3F1184F3FE30F2
S1135D707A9120281500C0B0806005003AC8A1803F
S1135D80150000BC06E13F00170080D8150580907F
S1135D901701C0D806D13F0004FBFFDE150000DC6C
S1135DA03A882128150280DC3A880B303A8825206D
S1135DB03A880980150140DC1504C0DF1503C0DCF6
S1135DC03A882330C0730500264200101650001094
S1135DD03A882700170140813A88099000B60500E7
S1135DE03A8819101704808217048088040580817A
S1135DF03A8887523A8885103A88C7183A888510B5
S1135E000405008A1503C0643A88DB303A88974059
S1135E100405C0613A88130017000031170040419F
S1135E2004010042CCFFBF20CCFFFF283AC8C510B4
S1135E303A8845123AD408203AD40A283AD40710AA
S1135E400D0080383AC849213A88C9208D000039AC
S1135E50040180310401C0393AD4132036EEFF42E4
S1135E602E0C40331700803004018031CCFFFF102A
S1135E703A88471A3AD404103AD409180D00C038A5
S1135E803A8805118D0080383AD413100401C039C2
S1135E9036F47F3317FFBF3804FFFF381E040010A9
S1135EA004FFFF1817008018C4FFBF5226FC3F10E0
S1135EB03A880560150480621704C0DF1703C0DC4C
S1135EC0170280DC170140DC170000DC0405C0DE8B
S1135ED03A2800F83A8809903A880B0000B6050081
S1135EE03A88191044008000150480603A880560DF
S1135EF0150500601704C0DF1703C0DC170280DC3F
S1135F00170140DC170000DC0405C0DE3A2800F865
S1135F103A880D884400C0043A8823803A882130A6
S1135F2006AC3F0004F9FFDE17048028150000DCEE
S1135F307AD121301702C02844008010150140DCBA
S1135F403A88A380150540DD150400DD150280DCC8
S1135F501506C0DF3A8825281503C0DC3A882930A5
S1135F603A882B20170140290E03401C3A88C71891
S1135F704400402916FD7F1C3A8809A800B6050094
S1135F803A882710040540110E0900043A880528B0
S1135F903A8807004400C01815000010040180105E
S1135FA01EFCFF803A8805843A8885103A888B283D
S1135FB01704809004050091CC0780A13A888510CD
S1135FC03A8885103A888F20261E00300408800005
S1135FD03AC891113A880700170080203A98841132
S1135FE03AB08418150080281700C020040100214D
S1135FF0040140293AD8061A36F7FF211500C028B3
S1136000260100184400408CC4FFBF881504809802
S11360103A8809A83A880B90005E05003A880598EA
S11360201706C0DF170540DD170400DD1703C0DCC9
S1136030170280DC170140DC170000DC0407C0DE17
S11360403A2800F817008020040100211500802858
S1136050040140292EECFF211700802004010021B7
S1136060150080280401402936F6FF2106E63F008A
S113607004F9FFDE1503C0DC150280DC1704C02C14
S113608017048034150400DD150140DC1506C0DF5B
S1136090150540DD150000DC3A8823283A882930AC
S11360A00E04809C3A8827901704802C3A8829286B
S11360B03A882330170280883A88A19C17014089C6
S11360C00E0100144400402900B605003A882B1044
S11360D03A8805843A888510040500A93A889D20E9
S11360E02E0480233A880520150000100401801036
S11360F036FDBF133A8885943A88C79C040580A16D
S11361003A8885100405408B3A88C7183A889F302E
S11361103A88D7682E3BC0333A881920170080305C
S1136120CCFF7F12261800483A8811683A880F601D
S11361303A8815001700C040170040390401004296
S1136140CCFF3F193A3809493AD40618CCFFBF2886
S11361503A8885503A8889203A38C7483AD40A2878
S11361603AD404200D0000393A8847193A88C510FA
S11361708D0080383AD414100401C03936EDFF4242
S11361801500803A170080303AD4121026190048BE
S1136190170080603A8811683A880F603A881500C1
S11361A03A880B10170000413AD406280D008038B5
S11361B0CCFFBF203A3885483A88C7503AD40820E3
S11361C03A88C5108D0080380401C0391700403961
S11361D03A3809493AD40410CCFFFF283A88C92038
S11361E03A880511040100423AD4141036EDFF42F6
S11361F015008038040180312E02C033040100638D
S113620006C63F000E09000417FFBF7004FFFF70AD
S11362102603001006050000170080181E03001056
S1136220C4FF3F8404FFFF181EFB3F803A8805A883
S1136230150400AC1706C0DF170540DD170400DDA8
S11362401703C0DC170280DC170140DC170000DCF8
S11362500407C0DE3A2800F804FDFFDE150000DC68
S113626044000004150180DC3A8825283A880B8014
S11362701502C0DF00B605001504001415058014CE
S11362801702C0DF170180DC170000DC0403C0DE46
S11362903A2800F804FAFFDE150280DC1704802C8B
S11362A0150400DD1503C0DC150000DC1505C0DF96
S11362B03A882138150140DC3A8827283A88292071
S11362C00405002A3A880F00170080404400C039B2
S11362D0CCFFFF103A3887193AD404103A88071CC7
S11362E03AD40A183A388511CCFFFF183A88451178
S11362F03A9408103AD420103A88C9201500004175
S11363000401004216F0BF3C260800801702809862
S11363100E0F80903A8885943A8885103A88C5147F
S11363204400C090150500141504C0983A880598D7
S11363301705C0DF170400DD1703C0DC170280DC7B
S1136340170140DC170000DC0406C0DE3A2800F820
S1136350170140993A8809A04400402900B6050075
S11363601704809904034099040300113A888D317D
S11363703A888D31040280313A882310803C05002C
S11363803A880B983A8809A0005E05003A88278865
S113639006E03F0004FAFFDECC008030150400DD87
S11363A01503C0DC150000DC1505C0DF150280DC18
S11363B0150140DC3A8821303A8827203A88292878
S11363C01E2B0010BAD02580261B00901712009CAB
S11363D01E080080063000003A880B803A880D8041
S11363E03A8809982614009017008080261B001014
S11363F03A8821104C0080903A0005107AD02590FC
S11364003A880D803A8809983A880BA01EF23F100A
S1136410000706003A880BA03A8809983A882310A6
S1136420005E05003A8829883A880B803A880D80F6
S11364303A8809981EEC3F903A8805A01705C0DFFA
S1136440170400DD1703C0DC170280DC170140DCF1
S1136450170000DC0406C0DE3A2800F80007060036
S1136460150080803A8821101500001006E13F00D5
S11364703A8885107400C00004D7E7183A8885105C
S11364803A88C51017FFBF113A880F00402906004B
S11364903A88291006CB3F003A880998449C400169
S11364A080250600151280983A88211015000010E6
S11364B006D03F0004F9FFDE1503C0DC150280DCC2
S11364C03A8827283A8825204402400104020039EA
S11364D0150400DD150140DC1506C0DF150540DD9F
S11364E0150000DC3A8829383A88233080070900EF
S11364F04400C0000E3580183A880B003A88C7184B
S11365004400402916FDBF183A88099000B60500DA
S11365103A881110170780D84400C0004402800153
S1136520150580401504C0400E2640343A882130B9
S11365303A88AB993A88059C0700C0113A880B4009
S11365403A88099004F4FF39840280014029060046
S1136550440000843A8811101EF63F8C3A8845ACFA
S113656004FE7F113A880D880E0C00353AC885A1C7
S11365703A8821283A88A3280700C0813A880B402A
S11365803A88099004F4FF39840280014029060006
S1136590440000843A8811101EF77F843A8805402D
S11365A01706C0DF170540DD170400DD1703C0DC44
S11365B0170280DC170140DC170000DC0407C0DE92
S11365C03A2800F88402409906E73F003A880B0015
S11365D006CD3F0004F4FFDE150880DD150480DCE1
S11365E0150340DC150BC0DF150A00DF1509C0DDFB
S11365F0150740DD150600DD1505C0DC150200DCBD
S11366003A8825283A8823303A882D2026C900283C
S1136610807A090004FE3F94C402C0888405800087
S1136620170100822E1BC01004FEBF003A708E18A2
S11366303A883938161A0038361940E404FF3F0105
S11366403A7026411626C0993A882B803A882998B0
S1136650040200843A880FA83AC80DA7C403800036
S113666036C18011170180383A8849A54C00801042
S11366703AB084A0150180381701C0205400C01816
S11366801501C0203A8809B0C07A09003A882380ED
S1136690060600000404C0013A8839382EE77FE476
S11366A0040380003A882300150080B03A880588E6
S11366B0170BC0DF170A00DF1709C0DD170880DDDC
S11366C0170740DD170600DD1705C0DC170480DC62
S11366D0170340DC170200DC040CC0DE3A2800F883
S11366E0740080000457A910170240123A88CD8420
S11366F03A882B8026B940321701403184FFBF000D
S11367003A7084283A8885111701C0104C00C018CB
S11367103A00071826A300183A7008293A882999DC
S11367200EA3C0A14C0080401E55001017008080AD
S11367303AC8AF801701C0B804FFBF003A7084188C
S1136740262E003026B940323A88A9983A8809257D
S1136750150000D9162AC021170380301702C03053
S11367600409400104FFBF99150380181502C010E5
S1136770170300B9170280B83A882BB8040200BC8A
S1136780150280201503001136E48029C40480001A
S11367903A8809903A8811802E0F80111700809052
S11367A0040400BA04020091150280B81701C090D5
S11367B0C40680001503C0B82E0780111702C090CC
S11367C0040600BA040400911504C0B817038090AD
S11367D0150580B826E7403117008020170000DD3A
S11367E03A880FB8150080401701C0201501C04039
S11367F0170280201502804006973F003A88A99826
S1136800161FC0A11703C0B8170280B804FFBF99B0
S1136810040940013A882BB8150280181503C010EA
S1136820040200BC36C38029C40480003A8809905D
S11368303A8811802E0F801117008090040400BA4A
S113684004020091150280B81701C090C4068000AC
S11368501503C0B82E0780111702C090040600BAB1
S1136860040400911504C0B817038090150580B87E
S113687026C74031170080203A880FB806D93F0058
S11368803A880B883A8809B040BA04003A88231041
S1136890262500101701808084FFFF0004FE3F8935
S11368A03A70C4103A8885802695802004FFBF99E9
S11368B00409C00136458039C40480003A8809902F
S11368C03A880B882E0F80111700809004024089AB
S11368D004020091150080881701C090C40680004E
S11368E01501C0882E0780111702C0900404408946
S11368F0040400911502C088170380901503808852
S11369002691C03117008020150080281701C0206F
S11369101501C02817028020150280283A880B90A0
S11369203A8809B0C00104003A8809B0C07A090065
S1136930065E3F003A880B30170BC0DF170A00DFF2
S11369401709C0DD170880DD170740DD170600DDD5
S11369501705C0DC170480DC170340DC170200DCD9
S1136960040CC0DE41BA0400170180383A884BE5B4
S1136970540000314C0080103AB0041715018038DF
S1136980150100293A888729170180180402402933
S11369903A8809B05400801015018018C001040021
S11369A006383F003A880D003A880900065D3F002A
S11369B01702C030170380303A880F800402008425
S11369C01502C0101503801806233F003A88098871
S11369D03A880B908046050006D03F0017018030AE
S11369E00404C0E03A7008113A880599164DFF1066
S11369F03AC805173A880B8754008010150180287F
S1136A001701C080740080000457A9103A8809B0A7
S1136A104C00C0183AB0C6E0150240111501C08000
S1136A20C07A09000402408406203F003A88A998ED
S1136A303A880925040480E0150100D91670BF20A6
S1136A401703C0B8170280B804FFBF9904094001B6
S1136A50150280181503C010040240BC3641802979
S1136A60C40480003A8809903A880F882E0F801158
S1136A70170080900404C0B904020091150280B884
S1136A801701C090C40680001503C0B82E078011FA
S1136A901702C0900406C0B9040400911504C0B8DC
S1136AA017038090150580B82640403117008020D8
S1136AB0150080381701C0201501C0381702802046
S1136AC0150280381701C0D83A880BBF3A8809B03C
S1136AD03AC8051F54008010150180281701C0B85A
S1136AE0740080000457A910150240114C00C0180E
S1136AF03AB0C6E01501C0B8C07A090006EB3E0002
S1136B001701802004FFFF003A880F803A70C410F8
S1136B103A88A9980402008406CF3E003A880B9074
S1136B203A88098080460500170000DD3A880FB8CE
S1136B3006C93E003A880B903A88098080460500D1
S1136B403A880FB806C43E001704C0900406408972
S1136B50040600911504C0881705809015058088E7
S1136B6006683F003A880B903A88098880460500F9
S1136B7006D43F001704C09004060091040800BA2C
S1136B801506C0B817058090150780B806123F0097
S1136B901704C09004060091040800BA1506C0B892
S1136BA017058090150780B806323F001704C0907F
S1136BB0040600910408C0B91506C0B817058090F2
S1136BC0150780B806B93F003A880D203AC8090174
S1136BD03AB08821FAD708203400A000C4FFBF10BF
S1136BE03A7044113AB0882034FC9F003AC8051129
S1136BF03AC887003AB0C410FAD704104400C00061
S1136C003AC885183A2800F83A880D203AC809018C
S1136C103AB08821FAD708203400A000C4FFBF107E
S1136C203A7044113AB0882034FC9F003AC80511E8
S1136C30FAD704103A2800F804FDFFDE150000DC42
S1136C407400000404652A84150140DC15000080EA
S1136C503A8823203A8809281502C0DF40770900C2
S1136C603A880710C4FFBF00260680183A88051822
S1136C701702C0DF170140DC170000DC0403C0DE8C
S1136C803A2800F81700808026F83F101500808805
S1136C903A8805181702C0DF170140DC170000DC32
S1136CA00403C0DE3A2800F88F034029C1FD060022
S1136CB004FEFFDE150000DC3A8821288F034029FA
S1136CC01501C0DF402507003A880710C4FFBF0044
S1136CD0260980180B0380801514C08014008410CA
S1136CE00D0380803A8805181701C0DF170000DC07
S1136CF00402C0DE3A2800F80B038080CCFFBB10EE
S1136D000D0380803A8805181701C0DF170000DCE6
S1136D100402C0DE3A2800F80B03802804FBFFDEDF
S1136D201503C0DC0C408010150280DC150140DC2A
S1136D30150000DC3A8827303A8825381504C0DF6E
S1136D403A8821283A880D008400C0013A8823201B
S1136D50260200108F034029402507000B03808082
S1136D608F0340813A880988CCFFBB103A880D987C
S1136D703A880F900D0380801704C0DF1703C0DC2E
S1136D80170280DC170140DC170000DC0405C0DEBC
S1136D9001EB060004FEFFDE150000DC3A88212822
S1136DA08F0340291501C0DFC02C07003A88071063
S1136DB016080010171480803A88C51015148080B6
S1136DC03A8805181701C0DF170000DC0402C0DE92
S1136DD03A2800F80B038080CCFFBB100D038080A1
S1136DE03A8805181701C0DF170000DC0402C0DE72
S1136DF03A2800F83AB04421CC0080101E1D00103F
S1136E003A880F2017008028170000213A880D289F
S1136E101E168020F4BF3F02C4BF3F423A880722B7
S1136E2074206001042060293A7046193A30040144
S1136E303A70C4101E1C00103A8813403A88112876
S1136E40060100001E1800180401C039170000399B
S1136E5004018031170040313A8845223A70041207
S1136E603A3006013A70861826F67F213A880938A6
S1136E703A880B300700C0201E05001806060000E3
S1136E80440000210700C0204400402926020018C5
S1136E900700802826FABF180300C02003008028BA
S1136EA03AC885183A2800F83A8805003A2800F8C4
S1136EB004FDFFDE150000DC7400000404652A8470
S1136EC0150140DC150000803A8823203A880928FF
S1136ED03A880B303A880D381502C0DF00DB090010
S1136EE03A880710C4FFBF00260680183A880518A0
S1136EF01702C0DF170140DC170000DC0403C0DE0A
S1136F003A2800F81700808026F83F101500808882
S1136F103A8805181702C0DF170140DC170000DCAF
S1136F200403C0DE3A2800F83A388B2904FEFFDE59
S1136F30150000DC1501C0DF40BA04003A882110B6
S1136F400409C001260D001017FFFF103A8809102C
S1136F5004FFBF003A7086183A8887183A880D18DB
S1136F603A880B003617C038C40480003608C010B5
S1136F701502002015000020150100203A88058024
S1136F801701C0DF170000DC0402C0DE3A2800F855
S1136F90C4068000150000801501008004020081F1
S1136FA02EF3FF10150200801503008004040081F5
S1136FB01EEFFF19040600811504008015050080EA
S1136FC006EB3F00805405003A8805801701C0DFB6
S1136FD0170000DC0402C0DE3A2800F804FDFFDEDE
S1136FE0150000DC7400000404652A84150140DCEB
S1136FF0150000803A8823203A8809281502C0DF4A
S1137000007B09003A880710C4FFBF0026068018D9
S11370103A8805181702C0DF170140DC170000DCAE
S11370200403C0DE3A2800F81700808026F83F10D9
S1137030150080883A8805181702C0DF170140DC64
S1137040170000DC0403C0DE3A2800F804FCFFDE6D
S1137050150140DC150000DC1503C0DF150280DCDF
S11370603A8821283A8823202629002880C803004A
S113707026020088170E8088262D00100F038080BA
S1137080262200103A8809883A880B8000A0030061
S11370903A882510170B80802604001017074081BA
S11370A03A8809883AE83E10162A00100B038080BB
S11370B00C2080101E230010170C40812605002888
S11370C004108080260280283A880988C0010400C0
S11370D0150C008017114081260300283A8809887E
S11370E0C0010400151100800D030080C0C8030016
S11370F03A8805901703C0DF170280DC170140DCD3
S1137100170000DC0404C0DE3A2800F8C0C80300FD
S11371103A8825003A8805901703C0DF170280DCFF
S1137120170140DC170000DC0404C0DE3A2800F834
S11371303A88098880C903000F0380801ED13F105C
S113714006F23F00170440813A880988C001040010
S113715006D93F00C4FFBF0406D43F00740080007A
S11371600459AA103A880B2017000011C104070023
S113717004FDFFDE150000DC7400000404652A84AD
S1137180150140DC150000803A8823203A8809283C
S11371903A880B301502C0DFC08009003A88071016
S11371A0C4FFBF00260680183A8805181702C0DFFE
S11371B0170140DC170000DC0403C0DE3A2800F8A5
S11371C01700808026F83F10150080883A8805183B
S11371D01702C0DF170140DC170000DC0403C0DE27
S11371E03A2800F804FDFFDE150000DC74000004FA
S11371F004652A84150140DC150000803A882320A8
S11372003A8809281502C0DF408209003A8807102D
S1137210C4FFBF00260680183A8805181702C0DF8D
S1137220170140DC170000DC0403C0DE3A2800F834
S11372301700808026F83F10150080883A880518CA
S11372401702C0DF170140DC170000DC0403C0DEB6
S11372503A2800F804FDFFDE150000DC7400000489
S113726004652A84150140DC150000803A88232037
S11372703A8809283A880B303A880D381502C0DF5D
S1137280C08309003A880710C4FFBF00260680188F
S11372903A8805181702C0DF170140DC170000DC2C
S11372A00403C0DE3A2800F81700808026F83F1057
S11372B0150080883A8805181702C0DF170140DCE2
S11372C0170000DC0403C0DE3A2800F804FDFFDEEA
S11372D0150000DC7400000404652A84150140DCF8
S11372E0150000803A8823203A8809283A880B3010
S11372F03A880D381502C0DF00D609003A88071015
S1137300C4FFBF00260680183A8805181702C0DF9C
S1137310170140DC170000DC0403C0DE3A2800F843
S11373201700808026F83F10150080883A880518D9
S11373301702C0DF170140DC170000DC0403C0DEC5
S11373403A2800F804F0FFDE3A8805203A88113024
S1137350150E00DF150A00DD150600DC150FC0DF71
S1137360150DC0DD150C80DD150B40DD1509C0DCE5
S1137370150880DC150740DC3A8821403A8839102A
S11373803A8829281E3B0038365C002A26A600408D
S1137390D4FFBF00369E0014C43F8000363D011464
S11373A03A880B003A8805003AD8848074000001BA
S11373B004DF2721040880013A8805110300C01066
S11373C03A88C7283AC8ED301EEE00B03AD42A8075
S11373D0440080003AC823A4CCFFFF85150380D85D
S11373E03A8809883A880BA8801309003A880988E2
S11373F03A880BA83A882D10001409003A94041016
S11374003AD406E03A38A3BD3AB0C4102E0440146E
S11374103A880514C4FFBFB536010014363D411443
S11374203AC863143A8809883A880BA8801309007B
S11374303A8809883A880BA83A8829100014090068
S11374403A9404103A3809BDCCFFFFE03AB0C410B6
S11374502E0400113A888580C4FF3FA5360100142C
S1137460362001113A9404B0170300D93AB084A02D
S1137470061500003A880D383662C029D4FFBF00D3
S1137480365AC011C43F800036FCC0113A880B0044
S11374903A8805003AD884307400000104DF2721BB
S11374A00408C0013A8805110300C0103A88C728AF
S11374B03AC8EF381E6900B836010035365100E489
S11374C0440080003A8809003A880720170FC0DF7B
S11374D0170E00DF170DC0DD170C80DD170B40DD24
S11374E0170A00DD1709C0DC170880DC170740DC29
S11374F0170600DC0410C0DE3A2800F8D4FFBF00F1
S113750036500012C43F800036E800123A880B005F
S11375103A8805003AD884807400000104DF2721EA
S1137520040880013A8805110300C0103A88C7286E
S11375303AC8CB30260600283AC845313AD884E008
S11375403A9846A13A9878E13A9860813AB0A818F6
S11375503AD42A803A8809A0CCFFFF853A880BA840
S1137560801309003A8809A03A880BA83A882D109C
S1137570001409003A9404103AD406E03A38A3BD42
S11375803AB0C4102E0440143A880514C4FFBFB5A1
S11375903601001436D540143AC863143A88098871
S11375A03A880BA8801309003A8809883A880BA8FE
S11375B03A882910001409003A9404103A3809BD95
S11375C0CCFFFFE03AB0C4102E0400113A88858045
S11375D0C4FF3FA53601001436C700113A9404B025
S11375E03A8809003AB084A006B73F0034408000CE
S11375F0C4FFBF1036A4C011040440013A88052812
S113760006A43F003A8805003A88090006AE3F0008
S113761034408000C4FFBF1036A1001404044001AC
S11376203A88052806603F00440000013A880B00B0
S1137630801309003A882110D4FFBF0036F43F14A8
S113764006553F0034408000C4FFBF10369A001234
S1137650040440013A88052806AE3F003AC8C53DF7
S11376603A98C8353AD886803AD8A2A03AD884E065
S11376703AB0EA203AD42CA83A98C6A53A880988A0
S11376803A880BB03AB086181502C0D880130900A6
S11376903A8809883A880BB03A88291000140900FE
S11376A0CCFFFFA81505C0D8170200D9170540D98B
S11376B03A9404103AD406203A98E0853A38232DB7
S11376C03AB0C410150000DC2E0340143A88451566
S11376D0C4FF3FA52E7F40153AC863143A88098831
S11376E03A880BB0801309003A8809883A880BB0AD
S11376F03A882110001409001705C0D8170200D9D0
S11377003A9404103A380F1CCCFFFF203AB0E21030
S11377102E03C0893A88638DC4FF3F842E69408D4F
S11377203A9408A0170040D93AC8E3893AB01081C6
S11377303AD40C28CCFFFF28CCFFBF403AD40A40EF
S11377403A38D3103A3885113A38C7283AD4084819
S11377503A388B293A88C5103A8889202E02C020ED
S1137760740080003A888B283AD404203A888B2805
S1137770363F4089263940893A8805403A880900CD
S113778006513F003A98A0853AC885353AD8A2A058
S11377903AD42A803AD884E03A9886A53A88098867
S11377A03A880BA83AB086181501C0D8801309008E
S11377B03A8809883A880BA8150480D8001409006F
S11377C0170100D9170440D93A940410CCFFFF855F
S11377D03AD406203A3863B93AB0C4102E0440149F
S11377E0C4FF7F293A880514150440D92E44001497
S11377F03AC863143A8809883A880BA880130900A8
S11378003A8809883A880BA83A8829100014090094
S1137810170140D93A9404103A3809BDCCFFFF2827
S11378203AB0C6102E0600193A88071CC4FF3FA5BB
S11378303603001C2E020019C4FF3FA53A88071C1A
S1137840170440D93A98B8E53AC823193A94042859
S11378503AB0A8A0150300DD06E13E003A940420E6
S11378603A98C8E5CCFFFF483A88C5102EC2BF201D
S1137870C4FFBF403A88090006133F0004024001D8
S11378803A88052806033F00040640013A88052883
S113789006003F00040240013A88052806C23E0063
S11378A0040640013A88052806BF3E000402400150
S11378B03A88052806173F00040640013A8805283F
S11378C006143F002E96FF893A88638DC4FF3F84D7
S11378D006933F002E807F14C4FF3FA53A884515C8
S11378E0067D3F00C4FF3FA506DE3E00C4FFBFB5D2
S11378F03A88051406283F00C4FF3FA506373F0019
S11379002EBB7F14C4FF7F293A880514150440D97F
S113791006B73F00C4FFBFB53A88051406C03E0051
S113792004F1FFDE150B80DD150900DD150500DC13
S1137930150EC0DF150D00DF150CC0DD150A40DD86
S11379401508C0DC150780DC150640DC3A882130B8
S11379503A882D203A8829281E2B00383650802951
S1137960268A0030D4FFBF0036820014C43F800052
S1137970363601143A880B003A8805003AD88480D8
S11379807400000104DF2721040880013A880511EE
S11379900300C0103A88C7283AC8EF301E9400B8D4
S11379A03AD42A803AC823A43A883900CCFF3F85C8
S11379B03A8809883A880BA8801309003A8809880C
S11379C03A880BA83A38A3A0001409003A9404108A
S11379D03AD406B03AB0C4102E0340143A880514C1
S11379E036010014363541143AC863143A880988BC
S11379F03A880BA8801309003A8809883A38A3A06A
S1137A003A880BA8064D00003A880D382E10C0297C
S1137A103A8811203A8813283A8805403A8807485A
S1137A20170EC0DF170D00DF170CC0DD170B80DD4C
S1137A30170A40DD170900DD1708C0DC170780DCD2
S1137A40170640DC170500DC040FC0DE3A2800F8F6
S1137A50D4FFBF00365AC011C43F800036FEC011A7
S1137A603A880B003A8805003AD884307400000143
S1137A7004DF27210408C0013A8805110300C0105F
S1137A803A88C7283AC8EB381E8500A83652003514
S1137A902E5100B43A8811B03A8813A006DE3F0094
S1137AA0D4FFBF0036408011C43F800036ED801102
S1137AB03A880B003A8805003AD8848074000001A3
S1137AC004DF2721040880013A8805110300C0104F
S1137AD03A88C7283AC8C7301EBF00183A88390008
S1137AE03AD42A803A8809A0CCFFFF853A880BA8AB
S1137AF0801309003A8809A03A880BA83A38A3B839
S1137B00001409003A9404103AD406B03AB0C410F0
S1137B102E0340143A8805143601001436E5401447
S1137B203AC863143A8809883A880BA88013090074
S1137B303A8809883A38A3B83A880BA8001409008F
S1137B403A940410CCFFFFB03AB0C4102E04401491
S1137B503A880514360200142E0140143A8805149C
S1137B603AC845143AD824173A8813003A88119031
S1137B7006A93F0034408000C4FFBF1036B0001493
S1137B80040440013A880528067C3F0044000001B3
S1137B903A880B00801309003A882110D4FFBF00F3
S1137BA036F43F1406713F0034408000C4FFBF1018
S1137BB036AF8011040440013A88052806BE3F0010
S1137BC034408000C4FFBF1036ACC011040440012F
S1137BD03A88052806A43F003AC809B43A8005B19A
S1137BE03AC887A13AC8A9183A882D2006A93F00A7
S1137BF03A98E0853AC8C5353AD8A2A03AD42A8042
S1137C003AD884B03A98C6A53A8809883A880BA825
S1137C103AB086181501C0D8CCFF3F8580130900FF
S1137C203A8809883A880BA83A38A3A000140900B6
S1137C30170100D93A9404103A8839B83AD4062086
S1137C403AB0C4102E0240143A8805142E9600143B
S1137C503AC863143A8809883A880BA88013090043
S1137C603A8809883A880BA83A38A3A00014090076
S1137C70170140D93A940410CCFFFF283AB0C4103D
S1137C802E0440143A880514360200142E014014C0
S1137C903A8805143A98ECB53AC8631406443F0090
S1137CA03AC84F3D3A9846353AD8C4813AD8E2A109
S1137CB03A984CA53AB0AE183AD428B83AD8C4B1D8
S1137CC03A8809883A880BA03AB08C301503C0D999
S1137CD0150280D9801309003A8809883A880BA0D4
S1137CE03A88391000140900CCFFFFB81504C0D835
S1137CF0170200D9170440D93A9404103AD4062044
S1137D003A9860853A38232F3AB0C410150000DC45
S1137D103A986CB52E0340143A88C515C4FF3FE762
S1137D202E5DC0153AC863143A8809883A880BA0B6
S1137D30801309003A8809883A880BA03A882110F0
S1137D40001409001704C0D8170200D93A9404108B
S1137D503A38231CCCFFFF203AB0CE102E03403C0F
S1137D603A88CF3DC4FF3F842E47C03D3A9404E097
S1137D70170040D93AC84F3C3AB08480CCFFFF2862
S1137D803AD40C283AD40A10CCFFBF103A38D11098
S1137D903A38C7283A3885113AD408403A388B29FA
S1137DA03A88C5103A8889202E02C02074008000C9
S1137DB03A888B283AD404203A940820CCFFFF4018
S1137DC03A888B283A88C920360B4039263D4039F9
S1137DD03AC84B39060F00003AC8C5303A883918FA
S1137DE03AD884B03A98C6A03A9820873A982CB7E3
S1137DF03AB0A818063A3F001700C0D83AC8C520C0
S1137E003A8089203AC8C72D3AC807193AC8CB38EE
S1137E103A8809103AC805B13A8087B03AC8C728E9
S1137E20170340D93AD844153A9848193AD8461D08
S1137E303AB0A4203A8811903A88131806F63E0006
S1137E40040640013A88052806CC3E00040240019D
S1137E503A88052806C93E00040240013A880528EC
S1137E6006013F00040240013A88052806123F003B
S1137E70040640013A880528060F3F000406400125
S1137E803A88052806F83E002EB87F3CC4FF3F849C
S1137E903A88CF3D06B53F002EA27F14C4FF3FE7CA
S1137EA03A88C515069F3F002E697F143A88051449
S1137EB006673F003A88051406193F003A880514FE
S1137EC006C93E0036CC3FB13A880B0006D13F00CC
S1137ED004F8FFDE1503C0DC3A88272017000021D0
S1137EE04400C000150540DD150400DD1507C0DDA4
S1137EF0150680DD150280DC150140DC150000DC70
S1137F003A882B283A8829302E63001917008028D4
S1137F102E8180180401C00026DCC020267EC010FB
S1137F208400C0002667C010267BC0201702C09DB5
S1137F301702C0281703409C1703C02B3AC8CDB8BA
S1137F401704809C1704002C3A88093016970030D7
S1137F50C40F8000166B80110EA4000104F8BF3515
S1137F6016BC00B03AD896853A8819003A881300AE
S1137F70440000013A88150016BE00B03A989025D6
S1137F803A880F00C4FFBF003A8889383A888B408A
S1137F903A80CD213A884B313A7004793A7046815F
S1137FA03AB0C41026020010440040023A8815007A
S1137FB03AB05E5A3AB0A06217014099170180A8FE
S1137FC0266E8028266600283AC8457C3A8089783F
S1137FD03AC887843AC809193A880D103A880F209C
S1137FE0167700381502C0A51504C0A1150100A01C
S1137FF0150380A1170300A2170440A2C4FFBF0009
S11380003A888B403A80092A3A888D483400C40162
S1138010C4FFFF393A888D21361780392665C0316F
S1138020170200A33A880942C4FFBF003A800F2216
S11380303A884B4A3A884F393A8895203A88973893
S11380403A800D513A8899603A88D73234008400D6
S1138050C4FFBF103A8811203A881338150300A1D1
S11380601504C0A1150200A33603C0121EEDBF58AB
S113807084FFBF002EEBBF12170480A2C40080004F
S11380803400C800C4FFFF18170340A2150080A0E5
S11380903623801A3A8827A03A8805981707C0DD46
S11380A0170680DD170540DD170400DD1703C0DC6B
S11380B0170280DC170140DC170000DC0408C0DE76
S11380C03A2800F81EF4FF201500003117018098AB
S11380D0150180301702C0981502C030170380982C
S11380E0150380301704C0981504C0301701809818
S11380F01701C0283A8827303A70C410150180301F
S113810006E53F001626C01D3A8823003A882F183A
S11381103A88250006A83F003A8827A806DE3F00D3
S113812044008001FA9704507AD008483AD88A511A
S1138130170200A23AB008113A8807003A7084493D
S11381403AB08C203AB0CE28440000423A8827A0A6
S11381501504C0A1150200A2150380A106CE3F009C
S11381603AC8C58B3A8089883AC807943AC809192D
S11381703A880D103A880F2006993F003A88457CCA
S11381803A80C9133A8887843A88C920150140A1E6
S11381901502C0A5150380A0150400A106B63F0072
S11381A03A881F003A88210006833F003AC88D01AF
S11381B006673F0084FFBF0036AF7F1106983F007B
S11381C03A8805003AC889113A8005113AC8CB01AA
S11381D03AC8852844008001150180A11502C0A574
S11381E0150300A1150480A006823F0026723F20DB
S11381F004F8BF353A88AFB9163100B03AD89A9529
S11382003A881D003A880F00440000013A881100A2
S1138210162500B03A9894253A881300C4FFBF008D
S11382203A8889483A888B503A804D223A884B31B3
S11382303A7004893A7046913AB0C410260200108C
S11382404400C0013A8811003AB0E2693AB024729D
S113825006593F003A880784C40780003AC885114C
S11382603A9886183AD896793AD898813AB0D61A74
S1138270063E3F007AD00620C40780003AC8851124
S11382803AD890183A988E21063E3F001E823F113C
S11382901701C02817018098267FFF107400C004BE
S11382A004DAE79C067C3F007AD00620C4078000ED
S11382B03AC885113AD894183A98922106D73F00C3
S11382C03A888794C40780003AC885113A9886187A
S11382D03AD89A893AD89C913AB05A1B06C93F00B9
S11382E004EAFFDE1514C0DC0404C0DC3A88112063
S11382F03A881328151340DC3A8809D83A880B9831
S1138300040940DC1515C0DF150140DA1503C0D996
S1138310150000DA150280D940570900040200D97B
S11383203A880B8840570900170A80D83A880B8886
S11383303A880998040E80D95C008010150A80D808
S113834000ED07003A880910002609001715C0DF60
S11383501714C0DC171340DC0416C0DE3A2800F8FA
S113836004EAFFDE1514C0DC0404C0DC3A881120E2
S11383703A881328151340DC3A8809D83A880B98B0
S1138380040940DC1515C0DF150140DA1503C0D916
S1138390150000DA150280D940570900040200D9FB
S11383A03A880B8840570900040E80D93A88099806
S11383B03A880B8800ED07003A8809100026090066
S11383C01715C0DF1714C0DC171340DC0416C0DE19
S11383D03A2800F804E0FFDE151840DC040440DC11
S11383E03A8811203A881328151700DC3A8809D8EE
S11383F03A880B88040900DC151FC0DF150140DA38
S11384001503C0D9150000DA150280D9151EC0DD88
S1138410151D80DD151C40DD151B00DD151AC0DCA3
S1138420151980DC40570900040200D93A880B80F2
S113843040570900170400D9440080002E10001191
S11384401709C0D82E06C01004018000260A802017
S113845026CC801884008000260980201E198018EC
S1138460170AC0D8170580D83A8809803AC0C410C2
S1138470150A80D8060700008400800026C38018EF
S1138480170580D8170AC0D83A8809883AC0C4109A
S1138490150580D800260900171FC0DF171EC0DD90
S11384A0171D80DD171C40DD171B00DD171AC0DC0B
S11384B0171980DC171840DC171700DC0420C0DE15
S11384C03A2800F8170780DD170C80DC3A882B0067
S11384D03A8823003A880BA83A880DB03A880F8866
S11384E01708C0DD170DC0DC3A8809908014090014
S11384F03A881B003A880F683A8809B03A880B001A
S11385003A880D983A882DB83A882F00151640DB22
S1138510151380D81514C0D81515C0DC80140900B3
S11385203A880DB03A880B003A8809903A880FB817
S11385303A8821103A882318801409003A888580E3
S11385403A800D143A88C7883A88CD303A88291081
S11385503A882B30171380DA1714C0DA171500DBAA
S1138560171640DB2E6140343A8809003A880551D9
S11385703A808D123A88075D3A88CD303A882100D6
S1138580440040043A8825103A8827303662C032C5
S1138590267A80593A880B683A880FB83A88096075
S11385A03A880DB0801409003A8809103A880F00FF
S11385B03A8845153A8011113A88C7193A88C74054
S11385C03A88CB881706C0D83A888980170B80D898
S11385D00401C0183A800D243A88C7103A88132041
S11385E0170A80D8170500D93A884D313A881530D2
S11385F03AC0882034008800C4FFBF10150F00D98A
S11386001510C0D82E1680113A8811183A881F10F8
S1138610FA9704987AD01690FA9706507AD00C48B4
S11386207AD00E503AB0D612440080003AB08C1979
S11386303A7088487AD018983A881B003400A0030E
S11386403A8813303A8815383A8891402602002037
S11386503AB0645B3AB0A66336EDBF7A151000DA1F
S113866034008400C4FFBF1036148012171000DADF
S11386703A881F103A88454A3A804D123A88875200
S11386803A8897943A808F5C3A88D99C44000001D8
S11386903A88CD303A880F3BC4FF3F423A881310E2
S11386A03A8815303AB01A11163000983A8825588D
S11386B03A8827382EEFBF7A151000DAC43F8000BD
S11386C03A708E48042080003A8807003A881100E6
S11386D026188038C4008000040E00D9151280DAF0
S11386E0150E80D8151140DA066A3F0026218089CC
S11386F03A8809003A8805513A808D123A88075D14
S11387003A88CD303A8821003A8823003A882510E7
S11387103A8827302E9EFF32440080003A888980B0
S11387203A800D243A884D343A8821203A882330FF
S113873006983F001EE73F40044000013A70044998
S11387403AB0C4101EE33F103AB0C49426E13F107F
S11387503A88C5493A8051123A88914204C03F018F
S11387603A7012113A88154006DA3F003A881368C5
S113877006CE3F00367C3F1406DD3F002E85BF1237
S113878006E53F00840080001E35BF207400000110
S113879004DA2721063F3F0004EDFFDE1511C0DC9B
S11387A00404C0DC3A8811203A881328150E00DC32
S11387B03A8809D83A880B98040900DC1512C0DFFE
S11387C0150140DA1503C0D9150000DA150280D965
S11387D0151080DC150F40DC40570900040200D955
S11387E03A880B8040570900170400D944008000E0
S11387F02E0B0011170940D92E764011170580D889
S1138800170AC0D8040180013AF0C410150580D8B5
S113881026028021840080001E148020260900295D
S11388203A880998002609001712C0DF1711C0DC26
S1138830171080DC170F40DC170E00DC0413C0DEB9
S11388403A2800F87400000104DA27210026090000
S11388501712C0DF1711C0DC171080DC170F40DCC3
S1138860170E00DC0413C0DE3A2800F8265B8029CA
S1138870262D80281706C0D8170B80D81708C0D912
S1138880170D40DC3AC88B18170780D9170C00DC89
S1138890150640D93638403C2636C0893A8815003A
S11388A03A881D003400C4023A881F003A883F0009
S11388B0440F8004060F00003A881D603A881F6840
S11388C03A880D403A880F103A8891317AD0085886
S11388D03A8085413A88D3393AB0C6283A88451255
S11388E03A8815183A8817203A880D403A880F10AC
S11388F0261780FCFA970A587AD006504400C0FF25
S113890036F17F3C3AC811343A8005323AC8533CB8
S11389103AB098723AB0DA7A3AC885481EE6FF89C6
S113892036E93F3406E43F003A880998150480D9B3
S1138930002609001712C0DF1711C0DC171080DCF5
S1138940170F40DC170E00DC0413C0DE3A2800F8D1
S1138950C43F80003A709070042080003A88070079
S11389603A881300260D80401508C0DB150780DB0C
S113897006AB3F002EC93F343A8885313A808911CD
S11389803A88C7393A88C920C4FF7F293A880D102C
S11389903A880F20150640D906C03F001EF23F4812
S11389A0044000013A7004713AB0C4101EEE3F1046
S11389B03AB0C43126EC3F103A8805723A809113DC
S11389C03A88D14304C03F013A701C113A881F40D1
S11389D006E53F003A88098006923F003A880998E4
S11389E0150700D8150800D8150600D8068D3F00D5
S11389F004EFFFDE150F40DC040440DC3A88052058
S1138A003A880728150E00DC3A8809D83A880B887A
S1138A10040900DC1501C0D8150080D8150280D9DE
S1138A201510C0DF1503C0D940570900040200D94E
S1138A303A880B8040570900170480D84400C000CE
S1138A403A880D182E068018170980D83A880988A4
S1138A503A880B802E028018C06A09003A880D10EB
S1138A603A8805301710C0DF170F40DC170E00DC02
S1138A700411C0DE3A2800F804EFFFDE150F40DCD5
S1138A80040440DC3A8805203A880728150E00DCE7
S1138A903A8809D83A880B88040900DC1501C0D843
S1138AA0150080D8150280D91510C0DF1503C0D970
S1138AB040570900040200D93A880B804057090046
S1138AC0170480D84400C0003A880D182E06801878
S1138AD0170980D83A8809883A880B802E028018B2
S1138AE0C06A09003A880D103A8805301710C0DFB3
S1138AF0170F40DC170E00DC0411C0DE3A2800F822
S1138B0004EFFFDE150F40DC040440DC3A88052046
S1138B103A880728150E00DC3A8809D83A880B8869
S1138B20040900DC1501C0D8150080D8150280D9CD
S1138B301510C0DF1503C0D940570900040200D93D
S1138B403A880B8040570900170480D84400C000BD
S1138B50C4FFBF012E068018170980D83A880988F7
S1138B603A880B802E028018C06A09003A880D10DA
S1138B703A8805301710C0DF170F40DC170E00DCF1
S1138B800411C0DE3A2800F804EFFFDE150F40DCC4
S1138B90040440DC3A8805203A880728150E00DCD6
S1138BA03A8809D83A880B88040900DC1501C0D832
S1138BB0150080D8150280D91510C0DF1503C0D95F
S1138BC040570900040200D93A880B804057090035
S1138BD0170480D84400C000C4FFBF012E068018CB
S1138BE0170980D83A8809883A880B802E028018A1
S1138BF0C06A09003A880D103A8805301710C0DFA2
S1138C00170F40DC170E00DC0411C0DE3A2800F810
S1138C1004EFFFDE150F40DC040440DC3A88052035
S1138C203A880728150E00DC3A8809D83A880B8858
S1138C30040900DC1501C0D8150080D8150280D9BC
S1138C401510C0DF1503C0D940570900040200D92C
S1138C503A880B8040570900170480D84400C000AC
S1138C603A880D182E068018170980D83A88098882
S1138C703A880B802E028018C06A09003A880D10C9
S1138C803A8805301710C0DF170F40DC170E00DCE0
S1138C900411C0DE3A2800F8FAD7062004F6FFDEF5
S1138CA0C40080001509C0DF1508C0DC150780DC8E
S1138CB0150640DC150500DC150080D81501C0D868
S1138CC01E0F002084008000150080D83A8809D83F
S1138CD0002609003A8809103A880B183A880520BA
S1138CE03A8807281709C0DF1708C0DC170780DC9B
S1138CF0170640DC170500DC040AC0DE3A2800F839
S1138D00040F80003A000718150280D826110018B5
S1138D103A8827003A882520150300D91504C0DCB9
S1138D20001E0900440700110EE83F0144FFBF1074
S1138D30160C00103A98A2903A882100170280D8A5
S1138D40150440DC150300DC3AC80511150280D86F
S1138D5006DE3F003400A000260A80203AC809013C
S1138D6006EB3F007AD00690C40780003AC805118C
S1138D703AD886183A9822993A9820913AB0621CC7
S1138D8006EE3F003A8809003478700106D33F00AC
S1138D9004F8FFDE3A8805203A8807283A8809D87B
S1138DA0040240D91501C0D8150080D81507C0DFCA
S1138DB0405709001702C0D8840080001E0580189F
S1138DC03A8807003A8805181707C0DF0408C0DE90
S1138DD03A2800F8440080002EF9FF1004018000B6
S1138DE0260480181704C0D816F53F18840780009D
S1138DF00E08C010170380D81E1200103400E000C3
S1138E00C4FFFF183A8805181707C0DF0408C0DE3E
S1138E103A2800F8040F80003AC8D11004F8BF4083
S1138E20170580D91706C0D9160800103AD8883813
S1138E30170380D83A88072026E23F103AC8070172
S1138E4006E03F003400E00006DE3F003A88C73900
S1138E50C40780003AC805123A9886183AD80832EE
S1138E603AB0081906F23F0004F2FFDE150DC0DF28
S1138E70150CC0DD150B80DD150A40DD150900DD7C
S1138E801508C0DC150780DC150640DC150500DC80
S1138E90150100D81E0F002084008000150080D822
S1138EA03A8809D800260900170DC0DF170CC0DD69
S1138EB0170B80DD170A40DD170900DD1708C0DC39
S1138EC0170780DC170640DC170500DC040EC0DE43
S1138ED03A2800F8C4008000040FC0003A882F002C
S1138EE03A882D20150080D81502C0D8150300D962
S1138EF01504C0DD001E090044074012160B00488B
S1138F0026E73F4844FFBF10162E00103A98A2B03F
S1138F103A882100170280D8150440DC150300DCD0
S1138F203AC84512150280D806DD3F003AC85502FA
S1138F3004F8BF51161B00303AD8A8B93A882B0060
S1138F403A880F00440000013A88110016250030C9
S1138F503A98A6213A882500C4FFBF003A88899030
S1138F603A888B983A808D243A884B313A7004B110
S1138F703A7046B93AB0C410260200104400C00149
S1138F803A881100170200D93AB0C4A13AB006AA2F
S1138F903AC849221504C0D8150200D9150380D84F
S1138FA006BF3F003A88C7BDC40780003AC885128F
S1138FB03A9886183AD8A8B23AD8AABA3AB0281D2C
S1138FC006DF3F007AD006B0C40780003AC84512D5
S1138FD03AD886183A9862BA3A9860B23AB0621CA3
S1138FE006CC3F007AD00620C40780003AC8851218
S1138FF03AD8A6183A98A42206D73F002E1B002977
S1139000161A0028440080003A880700C407C001EB
S1139010060300002613C0194400C01816040028D3
S11390203A884B293A88851036FA3F29260D0010D4
S11390303A880700360240213AC849213AB08618D6
S11390407AD004107AD00A281EFA3F102602003083
S11390503A8805203A2800F83A8809183A88052001
S11390603A2800F83A88070006F83F0044008000D8
S11390703A88070006EF3F0004FEFFDE150000DC1F
S11390801501C0DF3A882100160C00203A880D0033
S1139090160E0028C0FF08003A8807103A00058021
S11390A01E0100103AC8C7003A8805181701C0DF2E
S11390B0170000DC0402C0DE3A2800F83AC80901AF
S11390C0440000043A880D000EF23F283AC84B01D0
S11390D03A00218006EF3F0004FFFFDE1500C0DFE9
S11390E0440080013A88072816040020160C002842
S11390F01700C0DF0401C0DEC1FF08003AC809013F
S1139100160B00283A880B1844008001C0FF0800A1
S11391103AC885001700C0DF0401C0DE3A2800F811
S11391203AC84B011700C0DF0401C0DEC1FF0800CC
S11391303AC8470106F33F003A880D00C1FF080012
S113914044008001C1FF08003A881120CCFF7F420F
S11391503AD41840CCFFBF323AD416303A38854A54
S11391603A3895623A38D34ACCFF3F113AD40410C6
S11391703A88934A3A8807383A8845123A880F2839
S11391803A880B183A94061004FDFFDE150280DCC1
S11391903A880719150140DC150000DC3A386541AE
S11391A03A38E3313AD412103A38D9623A881F185F
S11391B02E028012740080003A8899603A884D62C9
S11391C03A8887913A88C7883A880578170280DCFC
S11391D0170140DC170000DC0403C0DE3A2800F865
S11391E0D4FFBF00360E0011C43F800004024001CA
S11391F03A880700361000113A880B003AD8C62086
S11392007400800004DFA7103A88871803008018D0
S11392100408C0003A8885283AC885183A2800F816
S11392200404400134408000C4FFBF103A8807287A
S11392302EF23F11040640013A8807283AD8C62086
S11392407400800004DFA7103A8887180300801890
S11392500408C0003A8885283AC885183A2800F8D6
S11392601700C02004FDFFDE150000DC150280DCC1
S1139270150140DC44008000170300223A881F00D7
S113928017044022170100242E55C0100401800049
S1139290264F801884008000260280183AB0444289
S11392A01E1A00103A880D003A880F003A881100FF
S11392B034048000C4FFBF103A881D303A708438EB
S11392C03A950A402CFCBF793AB08C303404E00063
S11392D0C4FFFF18FA9704803A70C6303AB04619B2
S11392E034006001C4FF7F293A704A193AB08A28D1
S11392F03A8807283A880570170280DC170140DC99
S1139300170000DC0403C0DE3A2800F8170200212D
S11393108400BF00163F8020C4FF8000162C00117B
S1139320C43F80003A708C40042080003A880700D3
S11393303A880F00C4FF8022261E8030C41F80009C
S11393403A8889403A800D223A884D323A88112071
S11393503A88133034008800C4FFBF10360D401221
S11393603A9604483AD20C403AD20E48C4FF3F0120
S11393703AB08C1134044001C4FF7F293A7004319F
S11393803A704639CCFF01523A880D103A880F18CA
S113939006C73F00FA9708487AD004407AD00648B6
S11393A0440080523AB084203A8811103A88131845
S11393B006EB3F001EE13F38044000013A700441CF
S11393C03AB0C41026E33F103A88053006DC3F006B
S11393D03A880D003A880F00C4FF010206B43F002A
S11393E03A8805003402C0003AB08C403AB0CE4806
S11393F0C4FF3F0134044001C4FF7F293A700431A3
S11394003A7046393A880D103A880F18C4FF0102A1
S113941006A73F003AC80911040E80001643001144
S113942004F8FF21164500383AD8D8493A881B0079
S11394303A882300440040013A8825001647003842
S11394403A98D6293A881500C4FFBF003A88895053
S11394503A888B583A808D223A884B313A700441CD
S11394603A7046493AB0C410260200104400400441
S11394703A882500C43F80003AB04E643A7092386E
S1139480042080003AB0906C3A8815002616804873
S1139490C41F00013A8805393A80CD113A880D324B
S11394A03A880F1034008400C4FFBF103A8811308A
S11394B03A880700361B80113A9604403AD208389D
S11394C03AD20A403A8813183AB00811C4FFBF00D0
S11394D03404C000C4FFFF183A708C203A70CE28C0
S11394E0CCFF014A06723F001EE93F5004400001D0
S11394F03A7004393A8807003AB0C41026060010BE
S11395003A88453A3A80CD113A880D323A880F109C
S11395103A8811303A88070034008400C4FFBF1031
S11395202EE53F124400C00006E33F003A880900DC
S11395303A8813003A880B0006E43F003A88474A09
S1139540C40780003AC805113A9886183AD81841D9
S11395503AD81A493AB0181B06B53F007AD0062803
S1139560C40780003AC805113AD896183A981429C5
S113957006B53F001701C0201700402234048000C4
S1139580C4FFBF103AD50818FAD70C183A709418CB
S1139590CCFF01223A881B283A88174815018029F4
S11395A03A8819501E1E00403AB0844A2619001009
S11395B03AD604483A920C5084003F013400C40067
S11395C0C4FFFF183AB08C11C40080003A920A48D4
S11395D01500806815020069360B80193A880F203F
S11395E03A8811183A8845293A8049113A888731CE
S11395F03A88C9203A880B103A880D20C4FFFF39F5
S11396002EF83F411502C0691504806915034069AD
S11396103A2800F884008000150080283A2800F8D1
S1139620C4FF8100260F80403AD60C483A92065077
S11396303A9204483A8809003AB0C63034004401EA
S11396403AB00C1144003F423AB04E19C4008000B5
S11396501504C0691502006A150080681503806945
S11396603A2800F83AB0844A1E030010040180002E
S1139670150080283A2800F83A880900340240018D
S11396803A7004493A7046513AB0C41026050010A5
S113969044008000150080681504006B1503C06A3F
S11396A03A2800F81500006806FB3F0017008021E7
S11396B04400C0002E0A8019170080282E08801844
S11396C00401C0002626C0302622C0108400C00039
S11396D02605C0301E07C010170180201E09001087
S11396E0440080003A2800F81E1AC0103A88050089
S11396F03A2800F817010022170180282603804029
S113970026F73F40C4FFBF003A2800F81702C020E4
S11397101702802816FAFF10160980181704C021B2
S11397201704C028170380211703802836F4FF1973
S11397302605C0383602C0381EECFF192EEBBF30A8
S11397401EE73F4006EF3F002EFABF1126E43F40DC
S113975006EC3F00170180281EE13F1006E93F0098
S11397601EDDBF111701C028170180203AC88518D3
S11397703A2800F8170EA0D0260400103A880711E2
S1139780150EE0D03A8831183A2800F874008000A9
S11397900471AA10150EA0D03A880711150EE0D056
S11397A03A8831183A2800F83A2800F83A2800F89C
S11397B00416C000740080000465AA101500C010CF
S11397C0C4FFBF003A2800F83A2800F874000001EA
S11397D0045F2A21740080010471AA3104FFFFDEB2
S11397E03AC80D313A880B001500C0DF40850900E6
S11397F0807C09003A8809003A880B003A880D00F9
S113980000BC09003A880910808509000416C000CC
S1139810740080000465AA101500C010C4FFBF00C6
S11398203A2800F80416C000740080000465AA10E9
S11398301500C0103A8805003A2800F80416C00044
S1139840740080000465AA101500C010C4FFBF0096
S11398503A2800F88154050004FEFFDE3A880B0024
S1139860150000DC1501C0DF3A8821204089090079
S113987074008000045AAA1017000011170F8020EA
S1139880260100103AE83E103A88098080A40900B5
S11398903A2800F874008000045AAA1017008010B7
S11398A004F3FFDE150B00DF150180D834008000BF
S11398B0040080103A000510150280D8170180D8E2
S11398C0150840DD150700DD04528010150CC0DFBB
S11398D0150AC0DD150980DD1506C0DC150580DC20
S11398E0150440DC150300DC3A882B283A8839201B
S11398F0150080D83A002928170180D8175240143F
S1139900261000881700C0DD170180880422808C8F
S1139910C4FF3F1416090080C4FFBF051E1500A034
S11399203A8809843A8805213A8885141720C0109A
S11399302611C0A8C4FF3F841EF8BF85170280D833
S113994026310010170CC0DF170B00DF170AC0DD2B
S1139950170980DD170840DD170700DD1706C0DC96
S1139960170580DC170440DC170300DC040DC0DE9F
S11399703A2800F83A8809841701C0883A880521F2
S11399803A884514C4FFFF18170280112615001CDD
S11399901502001026E73F304400C0003A98061C28
S11399A0174080901701C08C3A7084182614001058
S11399B0174180903A7084181E0C00103A880521D3
S11399C03A888514170040113A8809E03AE83E3095
S11399D0170180881EC8BF98170080B826D57F1449
S11399E006C53F001501008C06EA3F003A880521B0
S11399F03A888514170000113AE83E3006F43F0017
S1139A003AE83E3006F23F00170180881E08001035
S1139A101700008926070020150000B93A88098834
S1139A2000000000170040BC1EB73F8806C53F0079
S1139A30170000893A882F883A8823201EB23F886D
S1139A4006C03F003A2800F804FEFFDE150040DCA3
S1139A501501C0DF3A88232040A409003A8805880C
S1139A6006FF3F001701C0DF170040DC0402C0DE20
S1139A703A2800F804FEFFDE150000D8170080D84D
S1139A800E110011C4F9C00144008001150100D871
S1139A90170180D81607803844004001C4F9C0007B
S1139AA0170180D83A884511150180D8170180D84C
S1139AB00EFBBF18170080D83A888511150080D88E
S1139AC0170080D816F13F110402C0DE3A2800F8CE
S1139AD004008800170080104C0080103A2800F819
S1139AE004F9FFDE040C8400170080104C00801081
S1139AF03A0005101E2F0010041084001700801077
S1139B00C43FC0003A70C410150080D80414840007
S1139B10170080103A70C410150180D8041884000E
S1139B20170080103A70C410150280D8041C8400F9
S1139B30170080103A70C410150380D804208400E4
S1139B40170080103A70C410150480D804248400CF
S1139B50170080103A70C410150580D804288400BA
S1139B60170080103A70C410150680D8C4FFBF02D5
S1139B703A8817003A8807003A880BD8841B4002B9
S1139B80440000020401C001C401800117008028C0
S1139B902E0380483602C0123A8815183A881710E6
S1139BA03A88071A3A88CB291EF8BF1916010050C3
S1139BB03A8809503A8805200407C0DE3A2800F89C
S1139BC004F7FFDE1508C0DF1507C0DD150680DDCC
S1139BD0150540DD150400DD1503C0DC150280DC2D
S1139BE0150140DC150000DC74000001041F28216D
S1139BF08014000004194004740000010424282186
S1139C003A880B88000300008404000474000001F7
S1139C10042728213A880B8000030000042C8400C8
S1139C201500401404488400150000140430840016
S1139C30150000104400C000044484001500C01046
S1139C40043C840015000010043884001500001042
S1139C503A8823003A882F00C40080043A882718E1
S1139C60044084050430040584F14105260200887B
S1139C701E2AC08C060D00003A88099000AE090027
S1139C803A882510170080B0440000043A70041488
S1139C901EF63F1074000001042A282180140000DD
S1139CA0150040A53A88238006F03F003A880990C1
S1139CB000AE09003A882510170080B04C008010CF
S1139CC03A0005101EE93F10150000A000AD090080
S1139CD02602001004FA000140A70900044484008D
S1139CE01500001084008000160280144400C00592
S1139CF006030000C40080000E0180143A882F007F
S1139D00043884001500C015150040A5043C8400E7
S1139D101500C0148400400406D43F0004348400B9
S1139D20170080104C0080103A0005101ECF3F1021
S1139D30043C840015000010150000A000AD0900CB
S1139D40260200108425000140A709000444840071
S1139D501500C014150040A53A88239806C33F0097
S1139D60040808011400E0003700C0213A70C43828
S1139D7026FD3F103AD40538440000112E0100316D
S1139D803A8809300E0800013A88070004080802DE
S1139D90440080013A8845190500C0113700C041CC
S1139DA03A8887191EFBFF203A8805203A2800F8D4
S1139DB0260D00303A880F0004090801F4FFFF0063
S1139DC00408480244000002370080203A70C4109E
S1139DD026FD3F103A884539070080103500804839
S1139DE03A880F3A1EF8BF393A8805303A2800F805
S1079DF09098000043
S1139DF4303030303030303030303030303030305B
S1139E04202020202020202020202020202020204A
S1139E1440A10000A4A00000A4A00000A4A000008D
S1139E24A4A00000A4A00000A4A00000A4A000001A
S1139E34A4A00000A4A000007F7F7F7F7F7F7F7F9A
S1139E44000000000000F03F000000000000244077
S1139E5400000000000059400000000000408F4052
S1139E64000000000088C34000000000006AF840BD
S1139E740000000080842E4100000000D0126341E1
S1139E840000000084D797410000000065CDCD4157
S1139E94000000205FA00242000000E87648374238
S1139EA4000000A2941A6D42000040E59C30A242D6
S1139EB40000901EC4BCD64200003426F56B0C434B
S1139EC40080E03779C3414300A0D88557347643F2
S1139ED400C84E676DC1AB43003D9160E458E14353
S1139EE4408CB5781DAF154450EFE2D6E41A4B44C8
S1139EF492D54D06CFF08044F64AE1C7022DB5440D
S1139F04B49DD9794378EA440080E03779C3414366
S1139F14176E05B5B5B89346F5F93FE9034F384DC7
S1139F24321D30F94877825A3CBF737FDD4F157573
S1139F34BC89D897B2D29C3C33A7A8D523F6493917
S1139F443DA7F444FD0FA5329D978CCF08BA5B2539
S1139F54436FAC642806C80A050000001900000019
S1139F647D0000000000000000000000000000006C
S1139F7400000000000000000001020203030303C8
S1139F840404040404040404050505050505050581
S1139F940505050505050505060606060606060661
S1139FA40606060606060606060606060606060649
S1139FB40606060606060606070707070707070731
S1139FC40707070707070707070707070707070719
S1139FD40707070707070707070707070707070709
S1139FE407070707070707070707070707070707F9
S1139FF407070707070707070808080808080808E1
S113A00408080808080808080808080808080808C8
S113A01408080808080808080808080808080808B8
S113A02408080808080808080808080808080808A8
S113A0340808080808080808080808080808080898
S113A0440808080808080808080808080808080888
S113A0540808080808080808080808080808080878
S113A0640808080808080808080808080808080868
S113A07408080808080808083D3D3D205375706524
S113A08472766973657572203D3D3D004B50203DE9
S113A0942025640A000000004B44203D2025640A66
S113A0A4000000004C696E65206465746563746522
S113A0B464202D3E204C494E455F464F4C4C4F572F
S113A0C4000000000A0000003031323334353637E2
S113A0D4383961626364656600000000494E4600D5
S113A0E4696E66004E414E006E616E00286E756C9A
S113A0F46C29000030313233343536373839414233
S113A104434445460000000062756720696E20766A
S113A114667072696E74663A206261642062617367
S113A1246500000030000000496E66696E69747948
S113A134000000004E614E00430000002E000000A9
S10FA14449534F2D383835392D310000B7
S113A150000000003CA4000098A40000F4A4000047
S113A16000000000000000000000000000000000EB
S113A17000000000000000000000000000000000DB
S113A180000000003CA100000000000000000000EE
S113A19000000000000000000000000000000000BB
S113A1A000000000000000000000000000000000AB
S113A1B0000000000000000000000000000000009B
S113A1C0000000000000000000000000000000008B
S113A1D0000000000000000000000000000000007B
S113A1E0000000000000000000000000000000006B
S113A1F00000000001000000000000000E33CDABA1
S113A20034126DE6ECDE05000B00000000000000D7
S113A210000000000000000000000000000000003A
S113A220000000000000000000000000000000002A
S113A230000000000000000000000000000000001A
S113A240000000000000000000000000000000000A
S113A25000000000000000000000000000000000FA
S113A26000000000000000000000000000000000EA
S113A27000000000000000000000000000000000DA
S113A28000000000000000000000000000000000CA
S113A29000000000000000000000000000000000BA
S113A2A000000000000000000000000000000000AA
S113A2B0000000000000000000000000000000009A
S113A2C0000000000000000000000000000000008A
S113A2D0000000000000000000000000000000007A
S113A2E0000000000000000000000000000000006A
S113A2F0000000000000000000000000000000005A
S113A3000000000000000000000000000000000049
S113A3100000000000000000000000000000000039
S113A3200000000000000000000000000000000029
S113A3300000000000000000000000000000000019
S113A3400000000000000000000000000000000009
S113A35000000000000000000000000000000000F9
S113A36000000000000000000000000000000000E9
S113A37000000000000000000000000000000000D9
S113A38000000000000000000000000000000000C9
S113A39000000000000000000000000000000000B9
S113A3A000000000000000000000000000000000A9
S113A3B00000000000000000000000000000000099
S113A3C00000000000000000000000000000000089
S113A3D00000000000000000000000000000000079
S113A3E00000000000000000000000000000000069
S113A3F00000000000000000000000000000000059
S113A4000000000000000000000000000000000048
S113A4100000000000000000000000000000000038
S113A4200000000000000000000000000000000028
S113A4300000000000000000000000000000000018
S113A4400000000000000000000000000000000008
S113A45000000000000000000000000000000000F8
S113A46000000000000000000000000000000000E8
S113A47000000000000000000000000000000000D8
S113A48000000000000000000000000000000000C8
S113A49000000000000000000000000000000000B8
S113A4A000000000000000000000000000000000A8
S113A4B00000000000000000000000000000000098
S113A4C00000000000000000000000000000000088
S113A4D00000000000000000000000000000000078
S113A4E00000000000000000000000000000000068
S113A4F00000000000000000000000000000000058
S113A5000000000000000000000000000000000047
S113A5100000000000000000000000000000000037
S113A5200000000000000000000000000000000027
S113A5300000000000000000000000000000000017
S113A5400000000000000000000000000000000007
S113A55043000000000000000000000000000000B4
S113A560000000005CA500005CA5000064A50000DC
S113A57064A500006CA500006CA5000074A5000093
S113A58074A500007CA500007CA5000084A5000043
S113A59084A500008CA500008CA5000094A50000F3
S113A5A094A500009CA500009CA50000A4A50000A3
S113A5B0A4A50000ACA50000ACA50000B4A5000053
S113A5C0B4A50000BCA50000BCA50000C4A5000003
S113A5D0C4A50000CCA50000CCA50000D4A50000B3
S113A5E0D4A50000DCA50000DCA50000E4A5000063
S113A5F0E4A50000ECA50000ECA50000F4A5000013
S113A600F4A50000FCA50000FCA5000004A60000C1
S113A61004A600000CA600000CA6000014A600006E
S113A62014A600001CA600001CA6000024A600001E
S113A63024A600002CA600002CA6000034A60000CE
S113A64034A600003CA600003CA6000044A600007E
S113A65044A600004CA600004CA6000054A600002E
S113A66054A600005CA600005CA6000064A60000DE
S113A67064A600006CA600006CA6000074A600008E
S113A68074A600007CA600007CA6000084A600003E
S113A69084A600008CA600008CA6000094A60000EE
S113A6A094A600009CA600009CA60000A4A600009E
S113A6B0A4A60000ACA60000ACA60000B4A600004E
S113A6C0B4A60000BCA60000BCA60000C4A60000FE
S113A6D0C4A60000CCA60000CCA60000D4A60000AE
S113A6E0D4A60000DCA60000DCA60000E4A600005E
S113A6F0E4A60000ECA60000ECA60000F4A600000E
S113A700F4A60000FCA60000FCA6000004A70000BC
S113A71004A700000CA700000CA7000014A7000069
S113A72014A700001CA700001CA7000024A7000019
S113A73024A700002CA700002CA7000034A70000C9
S113A74034A700003CA700003CA7000044A7000079
S113A75044A700004CA700004CA7000054A7000029
S113A76054A700005CA700005CA7000064A70000D9
S113A77064A700006CA700006CA7000074A7000089
S113A78074A700007CA700007CA7000084A7000039
S113A79084A700008CA700008CA7000094A70000E9
S113A7A094A700009CA700009CA70000A4A7000099
S113A7B0A4A70000ACA70000ACA70000B4A7000049
S113A7C0B4A70000BCA70000BCA70000C4A70000F9
S113A7D0C4A70000CCA70000CCA70000D4A70000A9
S113A7E0D4A70000DCA70000DCA70000E4A7000059
S113A7F0E4A70000ECA70000ECA70000F4A7000009
S113A800F4A70000FCA70000FCA7000004A80000B7
S113A81004A800000CA800000CA8000014A8000064
S113A82014A800001CA800001CA8000024A8000014
S113A83024A800002CA800002CA8000034A80000C4
S113A84034A800003CA800003CA8000044A8000074
S113A85044A800004CA800004CA8000054A8000024
S113A86054A800005CA800005CA8000064A80000D4
S113A87064A800006CA800006CA8000074A8000084
S113A88074A800007CA800007CA8000084A8000034
S113A89084A800008CA800008CA8000094A80000E4
S113A8A094A800009CA800009CA80000A4A8000094
S113A8B0A4A80000ACA80000ACA80000B4A8000044
S113A8C0B4A80000BCA80000BCA80000C4A80000F4
S113A8D0C4A80000CCA80000CCA80000D4A80000A4
S113A8E0D4A80000DCA80000DCA80000E4A8000054
S113A8F0E4A80000ECA80000ECA80000F4A8000004
S113A900F4A80000FCA80000FCA8000004A90000B2
S113A91004A900000CA900000CA9000014A900005F
S113A92014A900001CA900001CA9000024A900000F
S113A93024A900002CA900002CA9000034A90000BF
S113A94034A900003CA900003CA9000044A900006F
S113A95044A900004CA900004CA9000054A900001F
S107A96054A90000F2
S113A96450A1000050A100000100000044A1000017
S10BA97400000200FFFFFFFFD9
S9030000FC
