S02B0000433A2F55736572732F6D6461676761672F446F63756D656E74732F517561727475732F524F424F5465
S3150400000034004100145A40083A6800080000000011
S3150400001000000000000000000000000000000000D6
S3150400002004EDFFDE1500C0DF150240D8150380D8A5
S315040000301504C0D8150500D9150640D9150780D969
S315040000401508C0D97A300B00150900DA150A40DA0A
S31504000050150B80DA150CC0DA150D00DB150E40DB26
S31504000060150F80DB1510C0DB151140D904FFFFEB1B
S315040000701512C0DB3A3109004C0080282603001013
S3150400008026020020C00E004006030000151240DFC1
S3150400009017FFBFE83AA03D00171140D9171240DFF9
S315040000A01700C0DF7A700128170240D8170380D8DA
S315040000B01704C0D8170500D9170640D9170780D9E1
S315040000C01708C0D9170900DA170A40DA170B80DABD
S315040000D0170CC0DA170D00DB170E40DB170F80DB99
S315040000E01710C0DB0413C0DE3A0880EF04FEFFDEFF
S315040000F01501C0DF150000DC3A310D00740001045F
S3150400010004DB3B844C0080303A0005101E0A0010C4
S315040001103A880900FA9004203A8805141700C0109A
S31504000120170100113AE83E183A310500260A001074
S315040001303A880D1006F33F004400C0003A880900CF
S315040001403A880B183A88C7183A8849213A70C43055
S315040001501EF03F1006FB3F001701C0DF170000DC4E
S30D040001600402C0DE3A2800F88F
S315040001683480C1061400C0DE74008106141D95D6B9
S315040001783400810014C4BB103400C100141BFC18DD
S315040001882603C010150000100401801036FDFF1068
S3150400019800110A4080280A4006FF3F0004FEFFDEDD
S315040001A8150000D8170080D80E110011C4F9C00133
S315040001B844008001150100D8170180D81607803835
S315040001C844004001C4F9C000170180D83A88451193
S315040001D8150180D8170180D80EFBBF18170080D8E0
S315040001E83A888511150080D8170080D816F13F1172
S315040001F80402C0DE3A2800F80400880017008010BC
S315040002084C0080103A2800F804F9FFDE040C840038
S31504000218170080104C0080103A0005101E2F00109D
S315040002280410840017008010C43FC0003A70C4103C
S31504000238150080D804148400170080103A70C4107E
S31504000248150180D804188400170080103A70C41069
S31504000258150280D8041C8400170080103A70C41054
S31504000268150380D804208400170080103A70C4103F
S31504000278150480D804248400170080103A70C4102A
S31504000288150580D804288400170080103A70C41015
S31504000298150680D8C4FFBF023A8817003A880700B3
S315040002A83A880BD8841B4002440000020401C001AA
S315040002B8C4018001170080282E0380483602C01224
S315040002C83A8815183A8817103A88071A3A88CB29AB
S315040002D81EF8BF19160100503A8809503A880520B5
S315040002E80407C0DE3A2800F804F7FFDE1508C0DF65
S315040002F81507C0DD150680DD150540DD150400DD8E
S315040003081503C0DC150280DC150140DC150000DC91
S315040003187400010104B72D21005E0040044B40041B
S315040003287400010104BC2D213A880B88804C0040D6
S31504000338840400047400010104BF2D213A880B804B
S31504000348804C0040042C84001500401404488400A2
S315040003581500001404308400150000104400C00081
S31504000368044484001500C010043C840015000010E1
S3150400037804388400150000103A8823003A882F00B0
S31504000388C40080043A882718044084050430040508
S31504000398C4F24105260200881E2AC08C060D0000F8
S315040003A83A880990002100403A882510170080B041
S315040003B8440000043A7004141EF63F107400010148
S315040003C804C22D21005E0040150040A53A8823800A
S315040003D806F03F003A880990002100403A88251023
S315040003E8170080B04C0080103A0005101EE93F1033
S315040003F8150000A0002000402602001004FA00019F
S31504000408401A00400444840015000010840080004B
S31504000418160280144400C00506030000C4008000C8
S315040004280E0180143A882F00043884001500C0157C
S31504000438150040A5043C84001500C014840040043B
S3150400044806D43F0004348400170080104C00801042
S315040004583A0005101ECF3F10043C84001500001016
S31504000468150000A000200040260200108425000183
S31504000478401A0040044484001500C014150040A521
S315040004883A88239806C33F00260A00203A880700BC
S315040004984C0080203A0005107AD008201E0100106E
S315040004A83A8847193A884B291EF93F203A8805188D
S315040004B83A2800F83A8807003A8805183A2800F8CE
S315040004C804FBFFDE1501C0DF150240D9150380D9E8
S315040004D81504C0D974008100041DB5101700C01096
S315040004E83A880B20040280D8170200193A880D109E
S315040004F8150080D8405802401701C0DF0405C0DE45
S315040005083A2800F804FCFFDE1501C0DF150280D97D
S315040005181503C0D93A880D28170240210402C0D809
S315040005283A880F181500C0D8006C00401701C0DFC0
S315040005380404C0DE3A2800F804F6FFDE150740DC9A
S315040005483A8823203A8809281509C0DF1508C0DC2B
S315040005583A882728405F0040170240897400C10082
S3150400056804CAED184400C001440000121505C0D899
S315040005781506C0D90403C0D88400C0013A8809887E
S315040005883A880DD81500C0D81503C0DC150200DA60
S315040005981501C0D9150480D800840440C4FFFF009F
S315040005A8260600103A8805181709C0DF1708C0DCA4
S315040005B8170740DC040AC0DE3A2800F88402C000A3
S315040005C83A8805181709C0DF1708C0DC170740DC86
S315040005D8040AC0DE3A2800F874008100041DB51028
S315040005E83A880B201700001101540040CC008020E3
S315040005F83A8811201E1600101700C020F4BF7F0188
S31504000608C4BF7F297420E0010420E0393A884519DB
S315040006183A70C4113A30C6003A7086181E0C00188F
S315040006283A880D283A880B380401002117008020DF
S315040006383A8887113A7046193A3084003A70C410D9
S3150400064826F93F10070080202603001044000021E5
S31504000658070080201EFD3F103AC805223A2800F8F4
S315040006681702803004FEFFDE150000DC1501C0DF2A
S315040006783A8821303A8807001E0600103A88051879
S31504000688150100301701C0DF170000DC0402C0DEC4
S315040006983A2800F8008404403A8807103A8805186E
S315040006A815010080150200801701C0DF170000DC61
S315040006B80402C0DE3A2800F804A4FEDE155881DDDB
S315040006C8155201DC1551C1D9155BC1DF155A01DF75
S315040006D81559C1DD155741DD155601DD1555C1DC22
S315040006E8155481DC155341DC3A882D283A88213083
S315040006F8154F01D940E60440170080101751C1D997
S31504000708154981D8174F81D826020010170E801074
S31504000718260D02100B0380B00C028010260E021060
S31504000728170480B0260C02100B0300B28402800062
S315040007388C06C0401E2F80188F0380B0162D00101B
S315040007488B0340B2170780B21709C0B2174F01D9F5
S31504000758042940DC044080D80400C1004CFF3F4211
S315040007683A880D803A880B880D2C00DA8D2C40DAED
S31504000778153080DA1532C0DA152D80D8152EC0D872
S31504000788152980D8152BC0D8152F00D8006C004021
S31504000798154B81D816040010174F01D93A880B88CF
S315040007A8C0ED03401E3202100B2C80D80C108010AA
S315040007B8260300100B0380B0141080100D0380B0BC
S315040007C8174B81D8175BC1DF175A01DF1759C1DDEB
S315040007D8175881DD175741DD175601DD1755C1DC5A
S315040007E8175481DC175341DC175201DC045CC1DE63
S315040007F83A2800F83A8805003A880700041940DDC3
S31504000808154281D83A882F801543C1D8154B01D88B
S31504000818154801D8154401D8154701D8150C40DDEB
S31504000828150E00D8150D00D8070080B82619001033
S315040008384409C0002617C0103A8821B806010000EA
S315040008482603C01044000084070080801EFC3F1065
S315040008583AC8E785260E0098170E80DC170D40DC8B
S31504000868C40180003A88E5944400408C1500C0AD64
S31504000878150E80DC1501C0AC150D40DC168B421430
S31504000888040240AD174B01D93A88C924154B01D93E
S315040008983A882F80070080B8263C01104400C0BD62
S315040008A8050400D80700C0B8C4FFFF04154C01D8D6
S315040008B8154A01D8154DC1D84400C0BD174D41D9B4
S315040008C80416800004F8FF283660C0103A88C51854
S315040008D83A8885103400C100043CC2183A88C51009
S315040008E8170000113A68002064180004540A00042A
S315040008F8540A000450180004540A0004540A000454
S31504000908540A0004540A0004540A0004540A00044D
S315040009183016000440180004540A0004481600045B
S31504000928E8180004540A0004D418000490180004B3
S3150400093890180004901800049018000490180004F5
S3150400094890180004901800049018000490180004E5
S31504000958540A0004540A0004540A0004540A0004FD
S31504000968540A0004540A0004540A0004540A0004ED
S31504000978540A0004540A0004AC10000418170004AE
S31504000988540A000418170004540A0004540A0004FC
S31504000998540A0004540A00047C180004540A000487
S315040009A8540A000460110004540A0004540A00049A
S315040009B8540A0004540A0004540A0004AC1100043E
S315040009C8540A0004540A0004CC170004540A000408
S315040009D8540A0004540A0004540A0004540A00047D
S315040009E8540A0004540A0004540A0004540A00046D
S315040009F8540A0004A0170004B810000418170004C9
S31504000A08181700041817000404170004B810000483
S31504000A18540A0004540A00048C160004540A0004F8
S31504000A285C1600046C110004BC160004A816000425
S31504000A38540A000450190004540A0004B8110004A6
S31504000A48540A0004540A000430180004174D01D946
S31504000A5826CE002044004001040F80D91540C1D990
S31504000A68154541D9154181D93A880F28050F00D96A
S31504000A78050400D8154601D8174CC1D88C0080182F
S31504000A883A000510155081D81E030010174501D9E0
S31504000A9884000021154501D9174C41D90C21402958
S31504000AA8154E41D91E2D0028174A81D9174581D8D4
S31504000AB83AC8A1300E290004040480000E5E04140A
S31504000AC8170E80DC170D40DC3A88271074000107DE
S31504000AD884E62DE7C40100050603000004FC3F84F0
S31504000AE8040240AD0E13009C040480944400408C18
S31504000AF8150000AF1501C0AC150E80DC150D40DCE1
S31504000B080EF67FA4174F01D93A880BB0040C80D986
S31504000B181551C1D9806600401751C1D91E9E0010CF
S31504000B2804FC3F84170E80DC170D40DC041940DDF5
S31504000B3816ED3F9C3A8825944400408CC4018000F5
S31504000B48150000AF150100AC150E80DC150D40DC50
S31504000B5816F54114040240AD06020000170E80DCA7
S31504000B68170D40DC070480D8260B001044008000CB
S31504000B78440080944400408C150180A80404C0D81D
S31504000B88C40180001500C0A8150E80DC150D40DCD4
S31504000B9816DA4114040240AD175001D91E0B002081
S31504000BA8440480D8840080944400408C150080A8AE
S31504000BB88400C000C40180001501C0A8150E80DC9D
S31504000BC8150D40DC16C24114040240AD174E41D936
S31504000BD80420800026B180281746C1D83AC8E119EE
S31504000BE80E260004040480000ECF03143A88271046
S31504000BF87400010784E22DE7C4010005060300001A
S31504000C0804FC3F84040240AD0E13009C0404809443
S31504000C184400408C150000AF1501C0AC150E80DCED
S31504000C28150D40DC0EF67FA4174F01D93A880BB090
S31504000C38040C80D91551C1D9806600401751C1D911
S31504000C481E55001004FC3F84170E80DC170D40DC8B
S31504000C58041940DD16ED3F9C3A8825944400408CDF
S31504000C68C4018000150000AF150100AC150E80DC28
S31504000C78150D40DC16824114040240AD174C01D907
S31504000C880C4080201E4A0010174141D93A88E59144
S31504000C984400408CC4018000150040A91501C0A970
S31504000CA8150E80DC150D40DC166741140402C0A835
S31504000CB8174C81D90C01803026280010174A81D890
S31504000CC8174501D93AC821110E24000404048000EA
S31504000CD80E550414170D40DC3A88271074000107D2
S31504000CE884E62DE7C40100050603000004FC3F84DE
S31504000CF80402C0180E11009C040480944400408C1D
S31504000D081500001F1501C01C150E80DC150D40DCEE
S31504000D180EF67FA4174F01D93A880BB0040C80D974
S31504000D28806600401E1C001004FC3F84170E80DCFD
S31504000D38170D40DC0419C0D816EF3F9C3A88259451
S31504000D484400408CC40180001500001F1501001CD6
S31504000D58150E80DC150D40DC16CB4014174A81D8D5
S31504000D68174541D90E0140113A880528174B81D9F0
S31504000D783A888D30154B81D91E3B01901740C1D94D
S31504000D88041940DD150D00D806A73E00170E80D8B5
S31504000D981E450510150D00D80B0380B00C108010E5
S31504000DA826873E10C4FFBF00154B81D806843E0033
S31504000DB8174D81D944198000166E8011174741D9F9
S31504000DC84400C0000E494319174181D84400809451
S31504000DD84400408C150080A8C40180001501C0A8F1
S31504000DE8150E80DC150D40DC16CA41140402C0A891
S31504000DF8174901D944008000440080944400408C7B
S31504000E0815018018C401800015000019150E80DC30
S31504000E18150D40DC16B641140402C01C174201D94C
S31504000E28174341D93A880D003A880F0040170940FC
S31504000E3826740110174741D9174181D94400408CBB
S31504000E483A88852CC4FFBF14C4FFBF284400C030A9
S31504000E5815018098C40180001500C098150E80DC21
S31504000E68150D40DC168E41140402C09C174841D95E
S31504000E78040880D84400408C3A8865911500809807
S31504000E88C401800015014099150E80DC150D40DC5F
S31504000E9816ED40140402C09806853F00174A81D906
S31504000EA8174581D83AC8A1300E4B3F040404800084
S31504000EB80E3A04143A8827107400010784E22DE7D1
S31504000EC8C40100050603000004FC3F84040240AD87
S31504000ED80E13009C040480944400408C150000AF53
S31504000EE81501C0AC150E80DC150D40DC0EF67FA48A
S31504000EF8174F01D93A880BB0040C80D91551C1D9BA
S31504000F08806600401751C1D91EA33F1004FC3F84D4
S31504000F18170E80DC170D40DC041940DD16ED3F9CE6
S31504000F283A8825944400408CC4018000150000AF1B
S31504000F38150100AC150E80DC150D40DC1661411454
S31504000F48040240AD06243F00174F01D94017044058
S31504000F581751C1D906EF3D00174F01D93A880BB08E
S31504000F681551C1D9805A02401751C1D926EE3D10F0
S31504000F78068C3F00174201D9174341D93A880D0018
S31504000F883A880F00C00E09401EF200107400810052
S31504000F9804E2AD10440080944400408C150080A8F7
S31504000FA84400C000C40180001501C0A8150E80DCE9
S31504000FB8150D40DC160043140402C0A8170580D892
S31504000FC8174701D90E5C0111170D40DC174981D961
S31504000FD844008000440080944400408C1501801825
S31504000FE8C401800015008019150E80DC150D40DC3F
S31504000FF8161643140402C018174781D8C4FF3F14B1
S315040010080E2B3F04040480000EA80214170D40DCBE
S315040010183A8827107400010784E22DE7C401000505
S31504001028060300000402C01804FC3F840EA2029CB6
S31504001038040480944400408C1500001F1501C01C4C
S31504001048150E80DC150D40DC0EF67FA4174F01D96A
S315040010583A880BB0040C80D9806600401E4E3F10B7
S31504001068170E80DC170D40DC0419C0D806EE3F00C5
S315040010780B2C80D8C4FFFF00154BC1D80C10801068
S315040010881ECC3D1006CE3D00174F01D93A880BB049
S31504001098040C80D9806600401E3F3F10170E80DC82
S315040010A8062E3F00174C41D914044029154C41D942
S315040010B8174C81D90C0880301E4F0110174CC1D823
S315040010C80C0480181EF00210174C01D90C1080204D
S315040010D826ED02100F0080380401C0391540C1D925
S315040010E8FAD723103A882110167803884400000199
S315040010F816040098174CC1D8C4DFBF003A70861886
S31504001108154CC1D83AB044841E2C02101E2B0298E2
S31504001118CC3F802026A102100419C0D8040F00DD94
S315040011281541C1D81741C1D81545C1DC3AC8C5A06F
S31504001138040AC0110E01C0991545C1D91546C1DC6A
S31504001148070480D8264C3E10174581D844008010E1
S31504001158154581D806483E00174C81D914048031B8
S31504001168154C81D9174CC1D80C0880181E270110B4
S31504001178174C41D90C0480281EBC0210174C81D97F
S315040011880C10803026B902100B00003C3A8809007E
S315040011980401C0393A8823001540C1D9050400D88A
S315040011A806D33F00174C01D914040021154C01D964
S315040011B8174C41D90C0880281E080110174CC1D8B1
S315040011C80C0480181EB60210174C01D90C10802086
S315040011D826B302100B00003C440000010401C03988
S315040011E83A8823001540C1D9050400D806C03F0033
S315040011F8174F01D93A880BB0040C80D98066004091
S315040012081EE53E10170E80DC0419C0D8174C81D988
S315040012184C0080303A0005101EA53E10440080009C
S31504001228170D40DC15018018174981D844008094AD
S315040012384400408C15008018C4018000150E80DC1B
S31504001248150D40DC0E244214174F01D93A880BB009
S31504001258040C80D9806600401ECF3E10170E80DC31
S315040012680419C0D806923E00174F01D93A880BB024
S31504001278040C80D98066004026C03E1006C63E008F
S31504001288174F01D93A880BB0040C80D91551C1D926
S31504001298806600401751C1D91EBF3E10170E80DC68
S315040012A8170D40DC041940DD06743E00174F01D9BA
S315040012B83A880BB0040C80D91551C1D98066004010
S315040012C81751C1D91EB43E10041940DD066D3D0000
S315040012D8174F01D93A880BB0040C80D91551C1D9D6
S315040012E8806600401751C1D91EAB3E10170E80DC2C
S315040012F8170D40DC041940DD06343E00174F01D9AA
S315040013083A880BB0040C80D91551C1D980660040BF
S315040013181751C1D91EA03E10170E80DC170D40DCEC
S31504001328041940DD061C3E00174F01D93A880BB054
S31504001338040C80D91551C1D9806600401751C1D90A
S315040013481E953E10170E80DC170D40DC041940DD8F
S3150400135806043E00170500D90E580201174781D91D
S31504001368167A8021174181D83A88A5914400408C81
S31504001378150080A8C4018000150180A9150E80DC1B
S31504001388150D40DC16FC42140402C0A8174741D9BF
S315040013983AC861210E9D3F04040480000E19021404
S315040013A8170D40DC3A8827107400010784E22DE7FC
S315040013B8C4010005060300000402C01804FC3F84A7
S315040013C80E13029C040480944400408C1500001FEC
S315040013D81501C01C150E80DC150D40DC0EF67FA425
S315040013E8174F01D93A880BB0040C80D9806600409F
S315040013F81E693E10170E80DC170D40DC0419C0D890
S3150400140806EE3F00174781D8C4FF3F140E973E04E3
S31504001418040480000E1800143A8829107400010781
S3150400142884E22DE7C4014005060300000402C09CBB
S3150400143804FC3F840E1200A4040480944400408CE7
S315040014481500009F1501009D150E80DC150D40DC66
S315040014580EF67FAC174F01D93A880BB0040C80D925
S31504001468806600401E4C3E10170E80DC170D40DCCB
S315040014780419C0DC06EE3F007400010784E22DE778
S315040014883A8825944400408CC40180001500009FC6
S315040014981501009C150E80DC150D40DC0E727E14B9
S315040014A8174F01D93A880BB0040C80D980660040DE
S315040014B81E393E10170E80DC170D40DC0419C0DCFB
S315040014C8066A3E00174F01D93A880BB0040C80D936
S315040014D81551C1D9806600401751C1D91E2E3E1038
S315040014E8170E80DC170D40DC041940DD06BA3D00F2
S315040014F8174F01D93A880BB0040C80D9806600408E
S315040015081E253E10170E80DC170D40DC0419C0DCBE
S3150400151806423E00174F01D93A880BB0040C80D90D
S31504001528806600401E1C3E10170E80DC170D40DC3A
S315040015380419C0D8062E3E00174C41D94C00802801
S315040015483A0005101EDA3D10069F3E001741C1D821
S315040015583A8825914400408CC40180001500C0A82F
S31504001568150100A9150E80DC150D40DC166C421415
S315040015780402C0A8174941D9440080004400809455
S315040015884400408C15018018C401800015004019D8
S31504001598150E80DC150D40DC3A88212016564214B7
S315040015A804024019174781D94400408C150D40DCC4
S315040015B83AC80731174101D93A88E5901501C02878
S315040015C83A88058115008028C4018000150E80DC40
S315040015D8161D7F140402C02806B53D001700003CFA
S315040015E81701403C0402803944000001154081D9A2
S315040015F8050400D806BE3E001700003C1701403C0F
S3150400160804028038154081D806B73E001700003C0E
S315040016181701403C04020039154001D93A880900EB
S31504001628050400D806B23E001700C0380401C039C4
S31504001638154AC1D80ED700183AC8C700154AC1D8E2
S31504001648174C01D90700C0B814010021154C01D95B
S3150400165806983C00174C81D90C08803026F60110F0
S31504001668174B01D9170080380401C0391540C1D970
S31504001678FAD707201740C1D9150000111501C01063
S3150400168806693C000700C0B8041B8000265582186A
S31504001698174C41D914044029154C41D906853C00F8
S315040016A8174C81D90700C0B814088031154C81D964
S315040016B806803C00174C81D81700003C041EC00065
S315040016C894008010154C81D80401C0397400410176
S315040016D804CB6D29040C80003A8823008400000199
S315040016E81540C1D9154DC1D8154441D9450480D8EA
S315040016F88504C0D8050400D8067D3E00174C81D859
S315040017080700C0B814108010154C81D806693C002F
S31504001718174C41D90C02802826E501101700803998
S3150400172804028038154081D8154281D91701C03979
S315040017381543C1D9174201D9174341D900170740A0
S31504001748261D0210174201D9174341D93A880D00BC
S315040017583A880F00C030094016D00210174D41D9F7
S31504001768C4118000161042117400810104D0AD31F1
S31504001778154181D9174C01D9C400C000C4DFBF0084
S315040017883A7088203A880F181545C1D8154C01D9DE
S31504001798154601D8066A3E00170080384400C00082
S315040017A80401C0391540C1D9040F00D93A880F1865
S315040017B81545C1D8154101D9050F80D8050400D8A7
S315040017C806AC3C007400410104D66D29154441D980
S315040017D8174C81D90C08803026FF00101700003CEE
S315040017E81701403C04028038154081D8174C41D96A
S315040017F84C0080283A0005101EB900103AB04484FB
S3150400180826B70010174D81D994004029040C80008E
S3150400181884000001154C41D9450480D8850480D933
S31504001828050400D806323E007400810104CBAD31AC
S31504001838154481D906E63F00C40A8000050480D809
S315040018480700C0B8061B3C00174C81D80700C0B86F
S3150400185854008010154C81D806163C00070480D81D
S315040018681E4C001004088000050480D80700C0B880
S3150400187806103C00174C81D90700C0B81402803101
S31504001888154C81D9060B3C003A8809004402000429
S31504001898840240011551C1D900490040070000B926
S315040018A8174DC1D84400C0BD154D01D9174D41D9AE
S315040018B83A88851804F43F1104F4BF281751C1D98E
S315040018C82EF3BF80154A01D906FC3B00174C81D874
S315040018D80700C0B814208010154C81D806F53B00C3
S315040018E80700C0B8840A80004400C0BD26188318BF
S315040018F8154DC1D804F4BF184402C000367B8218BB
S315040019083A8821183A880900840240011551C1D938
S3150400191800490040174D41D9070080B91751C1D96C
S315040019283A88451104F43F1104F4BF30154D81D9A2
S315040019384400C0BD2EF4BF803A8827200EDF3B2022
S31504001948C4FFFF0406DD3B00050400D817008039F0
S315040019580401C0391540C1D9154181D926C90130B8
S31504001968160E0098174101D93A880B003A880D9843
S31504001978407F0540265902101741C1D83AC8CF10EE
S31504001988169EC1991545C1D916090038154601D8B8
S3150400199806EB3D000700C0B806C63B00174101D94F
S315040019A8405F0040154581D83A880F100EF73F105E
S315040019B8154501D8154601D806E13D00CC3FC0209F
S315040019C844008000262D8018360E80188400800076
S315040019D826FA80187400010104DB2D21405F0040BB
S315040019E83A880F101545C1DC0E018098154581D833
S315040019F87400810004DBAD101546C1DC154181D89D
S31504001A0806CF3D00041940D9040F00DD154141D91C
S31504001A187A970A88174181D9FAD00480FAD00688B9
S31504001A28CC0100813AB08428C4FFBF31040C0021DC
S31504001A38154181D93AB0CA10050000313A882110F7
S31504001A483A8823181EF23F28174CC1D84C00801830
S31504001A583A0005101EB33D10CC3F80201C20801090
S31504001A6804E0BF10040CC00026AEFD10C4FFBF314D
S31504001A78154181D90500C03006AA3D006800808852
S31504001A881E2C00101E020088440280003629001409
S31504001A98C41800D9040F00DD154101D9174101D92D
S31504001AA8040C808005008020069E3D00170D40DC4E
S31504001AB87400010784E22DE73A8825944400408C93
S31504001AC8C40180001500001F1501001C150E80DCDA
S31504001AD8150D40DC16DC7D140402C01806743C009F
S31504001AE884000001050400D806813D00174C81D9FD
S31504001AF83A70C4303A00051026B33C10174101D990
S31504001B08440080944400408CC4018000150000A958
S31504001B181501C0A8150E80DC150D40DC16607E1470
S31504001B280402C0AC06D13C007400010784E22DE728
S31504001B3806493C00040F00DD041980DC3A88098054
S31504001B483A880B88840280013A880F00C0F6074059
S31504001B58040C0012C4FFBF943A8809803A880B889B
S31504001B68840280013A880F0005000092009007401D
S31504001B783A8809103A882110680080183A88231888
S31504001B881EEE3F101E0200184402800036EB3F1179
S31504001B98C4FFBF94154181DC06C03F00174C01D928
S31504001BA84C0080201E9A0010041940D9040F00DD49
S31504001BB8154141D9065B3D00174F01D93A880BB048
S31504001BC8040C80D9806600401E733C10170E80DC16
S31504001BD80419C0D806F93C00174CC1D80C0480185F
S31504001BE81E710010174C01D90C108020266E0010A7
S31504001BF80B00003C3A8823000401C0391540C1D9BA
S31504001C0806FA3E00170D40DC7400010784E22DE74E
S31504001C183A8825944400408CC40180001500001FAE
S31504001C281501001C150E80DC150D40DC16707D149C
S31504001C380402C01806753D00170E80DC170D40DC3B
S31504001C487400010784E62DE706BA3B00174F01D94D
S31504001C583A880BB0040C80D9806600401E4E3C10AE
S31504001C68170E80DC0419C0D806E33C001700003CB4
S31504001C783A8809000401C0393A8823001540C1D9B5
S31504001C88050400D8061A3D00170080380401C03937
S31504001C981540C1D9FAD723103A88211006123D00F7
S31504001CA81700003C440000010401C0393A882300A7
S31504001CB81540C1D9050400D8060D3D0074008100FD
S31504001CC804E2AD10440080944400408C150080A8BA
S31504001CD84400C000C40180001501C0A8150E80DCAC
S31504001CE8150D40DC16CA40140402C0A81E060020BE
S31504001CF8174741D91E040028174C81D94C00803057
S31504001D083A0005101EEA3B1044008000170D40DC1B
S31504001D1815018018174981D8440080944400408CE2
S31504001D2815008018C4018000150E80DC150D40DCF2
S31504001D3816CA40140402C0183AC821010E500004F9
S31504001D48040480000E8000143A88271074000107E2
S31504001D5884E22DE7C4010005060300000402C01846
S31504001D6804FC3F840E7A009C040480944400408C4E
S31504001D781500001F1501C01C150E80DC150D40DC6E
S31504001D880EF67FA4174F01D93A880BB0040C80D9F4
S31504001D98806600401E003C10170E80DC170D40DCE0
S31504001DA80419C0D806EE3F001700003C3A88230001
S31504001DB80401C0391540C1D9068C3E00041940D91E
S31504001DC8040F00DD154141D9174481D93A970A8889
S31504001DD83AD10480CC0300813A8809313AB0842880
S31504001DE803004021174101D93AD106883A882110BF
S31504001DF8C4FF3F21154101D9174181D93AB0C8100A
S31504001E083A882318050040311EEF3F2006C53C00DA
S31504001E18040C8000C41880D9040F00DDC51880D8C6
S31504001E28154181D906BF3C00170D40DC7400010733
S31504001E3884E62DE706C13B00174C41D90C048028DB
S31504001E48267C0010170080380401C0391540C1D912
S31504001E58174B81D91740C1D91500801106723A006B
S31504001E68174F01D93A880BB0040C80D98066004014
S31504001E781EC93B10170E80DC170D40DC0419C0D8A8
S31504001E88174701D9174141D94400408C3A8825910E
S31504001E98C40180001500401915010019150E80DCCF
S31504001EA8150D40DC16E87C140402C01806803B00B5
S31504001EB81700C03804020039154001D91542C1D8A3
S31504001EC81701C0391543C1D9061A3E003A880500D8
S31504001ED83AC809143A8005113AC84B043AC8852801
S31504001EE83A8821203A88231044000001440B8000D4
S31504001EF8050480D8067E3C00174F01D93A880BB0F2
S31504001F08040C80D9806600401EA33B10170E80DCA3
S31504001F18170D40DC170500D9041940D906A13D0060
S31504001F28174F01D93A880BB0040C80D98066004053
S31504001F381E993B10170E80DC170D40DC170500D9D7
S31504001F480419C0D8068B3D007400010784E22DE706
S31504001F583A8825944400408CC40180001500001F6B
S31504001F681501001C150E80DC150D40DC16BC7F140B
S31504001F780402C01806C23F00174F01D93A880BB0AD
S31504001F88040C80D9806600401E833B10170E80DC43
S31504001F98170500D90419C0D806FC3C0074000107CB
S31504001FA884E22DE706DE3B007400810004D1AD10FF
S31504001FB8154181D806EF3D00174201D9174341D987
S31504001FC8001B074026390010174D41D9C41180005B
S31504001FD816CE40117400810104D2AD31154181D960
S31504001FE806E43D00174C01D94400C0BD0700C0B83B
S31504001FF814080021154C01D9062E3A001545C1DCF2
S31504002008161001983A880F98154601D8064C3C00D4
S31504002018174F01D93A880BB0040C80D98066004062
S315040020281E5D3B10170E80DC170500D90419C0D8AD
S31504002038062E3F00174CC1D80C10801826A0001095
S31504002048170080380401C0391540C1D9174B01D986
S315040020581740C1D90D00001106F33900174F01D9ED
S315040020683A880BB0040C80D9806600401E4A3B109F
S31504002078170E80DC170D40DC170500D90419C0D8E3
S31504002088062D3F0084018000369AC0141545C1DC2C
S315040020980E010098154501D87400810004D4AD10CA
S315040020A83A880F98154181D806723A00C4FFBF00D2
S315040020B826E28098174D41D9C419800026DC802869
S315040020C8C411800026DA8028174C41D9174301D950
S315040020D8174281D914404029154C41D916CC002001
S315040020E83A8821303A8823203A883900174D41D94D
S315040020F88419800026B780288411800026B5802894
S315040021084419800026C880284411800026C68028E1
S315040021183A882998174F01D9040580D83A880D8832
S31504002128150180D80406C0D8040780D83A880B80DD
S315040021388400C0011502C0D8150380D8150000DD37
S3150400214880920240174D81D9154181D8C41980005F
S3150400215826958030174DC1D8C41180002692801860
S31504002168174141D9174D81D9841980003A88252DFC
S315040021782686803084118000268480303A880D00B3
S315040021883A880F003A880B883A880980C00E0940B5
S315040021981E7500103A880590150780DC174101D989
S315040021A8174D41D9C419C0003AC825112668C02854
S315040021B8C411800026668028170500D9174DC1D892
S315040021C8441980001655C010C4FF3F21150500D9CF
S315040021D80508C0D83A88212016C10020C40A800000
S315040021E8450880D8440280000EAF00143A882710A8
S315040021F8840B40DC3A88098084024001407D09400A
S31504002208040C8010C4FF7F8C3A880980840240013C
S3150400221805008088407709403A88211016F5BF984A
S31504002228040CC010C40980D8C4018010C4FF7F8977
S31504002238C5FFFF882EA780283A880910040880D984
S315040022488408C0D803008028440040290500801863
S315040022584400C01836FB3F293AC887194400800051
S315040022681548C1D83A88CF900E9680144400C039D0
S315040022781545C1D916340038CC3F80E01C2080109F
S3150400228804E0BF10264E0010440B8000154781DC7D
S31504002298154601D8050480D806AB3B00440B8000DC
S315040022A8050480D8062D3D00174F01D93A880BB08E
S315040022B8040C80D9806600401EB73A1006B53A0069
S315040022C8170080380401C0391540C1D9174B41D9C4
S315040022D81740C1D915004011065339003A880F989A
S315040022E81545C1DC154601D806953B003A882700F2
S315040022F8067239007400C10004D4ED183A880F1028
S31504002308154581D81541C1D806DA3900740081000B
S3150400231804D3AD10154181D806163D00174D41D991
S3150400232884198000264980283A880F201657802465
S31504002338174C41D94C008028260100104400C021BE
S315040023481545C1D90ECC3F38154501D806CA3F00F4
S31504002358170500D904FFBF000E4800111647009957
S31504002368154DC1D806F03F00170780D82E8BBF1429
S315040023783A880790040C00010500001144008010F7
S31504002388150780D81EFCBF1806843F00174181D85C
S315040023980700C010040C8000265B8018170500D9B6
S315040023A83A88259106753F00174C01D94C008020C0
S315040023B83A000510266A3F10170780D806773F00AB
S315040023C81545C1D9164D0038154781DC154601D87F
S315040023D8065B3B00174F01D9040580D8150180D840
S315040023E80406C0D8040780D83A880B803A880D8832
S315040023F8C400C0011502C0D8150380D81500C0DC76
S315040024083A88299880920240154181D806513F009E
S315040024181742C1D8174301D9440B00073A88211833
S315040024283C00602406313F004400009D06393F0005
S315040024381E253F984400C00406233F008401C004B7
S3150400244806213F00154501D806EE3E003A880F20BE
S315040024580E3700011E030098174C81D94C008030B2
S3150400246826B73F10440080203A88A7981545C1DC52
S315040024783A880F980E803F9806B33F00174D81D9C6
S3150400248884FFBF31154D81D9064C3F000E18000153
S31504002498440080003A888514154581D83A880F1077
S315040024A80E753F1006A83F00040CC080040C80007B
S315040024B8C508C0D8040880D90409C0D8850880D8B6
S315040024C806653F00174C01D93A708420269C3F10B4
S315040024D806663F00040880D98408C0D8065E3F0013
S315040024E8440B80003AC82101450880D8063D3F00C0
S315040024F8840080003AC8051106E63F00154501D850
S31504002508154781DC06B13F003A880D003A880F006A
S315040025183A8809803A880B8840170940269F3F1055
S31504002528440080003AC80915150500D9069B3F00E2
S315040025381E0D0098174CC1D84C0080181E0A0010AE
S31504002548440000013A880F20154501D9064A3F0080
S315040025581700C03C0401C0390E0E3D980700C0B8E8
S31504002568C4FFFF0406D338008400C09C1545C1DCAB
S315040025783A880F980E403F9806733F00740081000E
S31504002588041DB5103A881320170000113A88052847
S315040025983A880F303A880B483A880D10016C004087
S315040025A874008100041DB5101700C01004FDFFDE79
S315040025B8150140DC150000DC1502C0DF3A8823202B
S315040025C83A88212826020018170E8018261F00109C
S315040025D80B0300810C028020262800101704408172
S315040025E8261D00284C0080203A000510260B0010F2
S315040025F88C008020261200103A8805001502808077
S31504002608260B00283A8805001702C0DF170140DCAC
S31504002618170000DC0403C0DE3A2800F8170580809A
S31504002628150200803AC88500150680801EF53F28E5
S315040026380C20802026F33F10C4FFBF0006F23F009B
S31504002648170580801502808006ED3F003A88091830
S315040026584017044006DE3F000CA0C020048080001A
S3150400266826E0BF183A8809883A880B8000F20440A5
S315040026780B0300811704408106DA3F000C0480200E
S3150400268826ED3F100C01802026120010170C4081FD
S315040026982605002804108080260280283A8809889E
S315040026A8C0520440150C00800B0380801704408137
S315040026B815010080CCF6BF100D03808015004081FB
S315040026C80B03808014028010CCFF3F110D03808019
S315040026D806C33F001704408106F93F001704C028C3
S315040026E81704802004F1FFDE150EC0DF150D00DF88
S315040026F8150CC0DD150B80DD150A40DD150900DD56
S315040027081508C0DC150780DC150640DC150500DC59
S31504002718150300D9150440D9167FC010C4FF3F1D00
S315040027281704C0D8170300D93A8805A53A8885102E
S315040027380405C01C0405C0253A88AD983A88C7150F
S31504002748170040B1170000191500C0D844004029E5
S31504002758150200D9408309403A8839101E3D0010F5
S31504002768170440D9170300D9C0C40540162C001015
S31504002778440000E73A880FB83A8811003A880900F5
S31504002788170040991700C0380401C09CCCFFBF2825
S315040027983A888520CCFFBF11CCFF3F193AD40410E0
S315040027A83AD40A283AC889213A8809223AD4061812
S315040027B83A888B283AD40D20CCFFBF283AC8871804
S315040027C83A8887190D0000398D00C0383AD408288C
S315040027D80401C0393AD411182EE9FFB43A8805A57C
S315040027E83A8885103A8885B81700C0101E0C001858
S315040027F804FF3F112E0800B917FFBF102603001067
S3150400280806050000170080201E03001004FF3F2160
S31504002818C4FF3FA536FB3FB9170300D915040025A5
S315040028283A8805E0170EC0DF170D00DF170CC0DD68
S31504002838170B80DD170A40DD170900DD1708C0DC11
S31504002848170780DC170640DC170500DC040FC0DE1A
S315040028583A2800F83A8823B83A882598150100D802
S315040028683A882B00170000943A8809E004018094FA
S31504002878CCFF7F81004900403AD40A803A8809E0AF
S315040028883A88A1A80049004017000089CCFFFF80B8
S315040028983AD42080CCFF7F213AC8CB281701C0D868
S315040028A83AD408203A8805143A88CB283AD40D280D
S315040028B8CCFFFF103AC8C9203A8889218D000089BF
S315040028C83AD409200D0040893AD42A100401408CD0
S315040028D8150100D92EE3BFB4170200D91EA03F2064
S315040028E8170080D804FFFF102E08C0B817FFBF10C2
S315040028F82603001006050000170080181E030010A2
S3150400290804FFFF18C4FF3FA536FBFFB81703C0D85A
S315040029181504001D06923F003A88050006C13F00CB
S315040029281710002204DAFFDE152140DD152000DD2C
S31504002938151E80DC151D40DC1525C0DF152400DFB7
S315040029481523C0DD152280DD151FC0DC151C00DC2F
S31504002958151600D93A8823303A8829281517C0D974
S31504002968172880DC3A882B30260A00401711802065
S315040029783A880B40150180401711C0204400800096
S315040029883A98C4101502804000AF05401716C0D8FF
S315040029981510001816A30088150000902CFCDFA853
S315040029A834FC9F00269180183A880D003A880F0057
S315040029B83A8809A03A880BA8151200DD151340DDDC
S315040029C8401709401E170010172780D944008000B5
S315040029D815008030172980D8269B0210172900D99C
S315040029E87400810044E2AD10C4FFFF101500802076
S315040029F83A8805181725C0DF172400DF1723C0DD1A
S31504002A08172280DD172140DD172000DD171FC0DCE3
S31504002A18171E80DC171D40DC171C00DC0426C0DEEC
S31504002A283A2800F8171600D9171240D9040180D895
S31504002A383A880DA80402C0D9150080D8C0120640E9
S31504002A48150780D83AD504A8CCFF0111268600209C
S31504002A581712C0D834048000C4FFBF101701C0DDA4
S31504002A683A7084A83A88111834FC4F124400BF25DA
S31504002A78150800D83A88050034FECF003A880B4872
S31504002A883A8809403A880F183A880D10C09D0840BC
S31504002A98F4DB180244D81042F4F44F02C4E9614A3C
S31504002AA83A880F483A880D403A880B183A8809102C
S31504002AB800AD084074D82202C42C3242F4F14F0205
S31504002AC8048A624A3A880F483A880D403A880B18AD
S31504002AD83A880910C0A508403A8809B03A882110EE
S31504002AE83A88231840390940F4271402C47E1E4242
S31504002AF8F4F44F02C404514A3A880F483A880D4000
S31504002B083A880B183A88091000AD08403A880F1815
S31504002B183A880B883A880D103A880980C0A5084077
S31504002B283A8809103A880B183A8821103A882318E3
S31504002B38C04809403A880D003A880F003A88098047
S31504002B483A880B88150D80D8C0300940161703102B
S31504002B58170DC0D8840580002E48C1104400000112
S31504002B68150C00D93AC885BDC4FFBF11160B03302E
S31504002B78150A80D9151100D8170DC0D816FF0218E2
S31504002B88170A00D91509C0D8151000D83A88C920DB
S31504002B98150A00D9171700D94402800036460011D1
S31504002BA84401800016040211440040041717C0D8D3
S31504002BB84401800036EDC1103A88C5183A88851054
S31504002BC83400C10004F7CA183A88C5101700001162
S31504002BD83A680020C82C0004C82C0004C83600042F
S31504002BE8A0360004E4360004F0360004172700D99A
S31504002BF8C4C3890015008020261000A07400C100F3
S31504002C0804EEED18172980D926793F30C7008018B5
S31504002C18C40000191E100010172980D815000011C9
S31504002C2806733F003400A000C4FFBF104400C00070
S31504002C383A70AA881500C09006583F0034048000EC
S31504002C48C4FFBF103A7084A81EEC3F107400C1007C
S31504002C5804EBED1806EB3F00172980D80402001987
S31504002C681500001106623F001701C0DD170280D85F
S31504002C7804080001840CC1B83A88A3180EB8412484
S31504002C880410C0003AC8471C04F8BF883A98C6A876
S31504002C983AD884A03AB08818405609403A881110A0
S31504002CA83484BF00440000013A88D31044F3BE8D2F
S31504002CB8150800D9066F3F00151700D844004004CC
S31504002CC8C4FFBF004400C000150E80D8152600D8DE
S31504002CD8150F80D8150BC0D83A882110171680D836
S31504002CE815110010171680D8171140113A880910C3
S31504002CF8000706401716C0D8150580D81510801881
S31504002D0884038000366800143A0005881E6600109D
S31504002D18170D00D90E300201CC038020FA90041056
S31504002D283AD125207400C1000400EE183A88C5106B
S31504002D380C04C09017000014170140141E6A0318E7
S31504002D4884008005261000907400C1040432EE9CA9
S31504002D584C0080903A0005101E0800101700809950
S31504002D681701C0993A880B883A88098000AD08404B
S31504002D783A882110440080B53A8823187AD02590D9
S31504002D880402C09C1EF23F903A880BA83A8809A010
S31504002D983A880F883A880D8040E908403A8829100D
S31504002DA83A882B18170CC0D83A0005181E080010C4
S31504002DB83A88050034FCCF003A880F183A8809A0E7
S31504002DC83A880BA83A880D10C030094016FE03103D
S31504002DD83A8809B0403909403A880B183A880910E4
S31504002DE83A880DA03A880FA800AD08403A88110021
S31504002DF8340750023A8809103A880B183A880F485B
S31504002E083A880D40C0A50840170F00D93A882D10F6
S31504002E183430BF003A88B9183A882FE01E8F02204A
S31504002E283A8805003405D0003A8809A03A880BA8E0
S31504002E383A880F183A880D10C09D08403A88091038
S31504002E483A880FE03A880B183A880DB03A88251064
S31504002E583A882718C01F0940164F83003C00E0E053
S31504002E683A8809903A880B983A880F183A880DB028
S31504002E78C03009400E0800103A8827003A88250011
S31504002E88172680D8170500DF150600D83A308400BF
S31504002E98150D80D8069B0100171280D9171380D800
S31504002EA83A8829303A882B101702C0D81685001894
S31504002EB8170D00D98403800016820011FA900420A5
S31504002EC8172680D97400C1000400EE183A88C51084
S31504002ED8170080141701C014161E0330170500D9ED
S31504002EE8170FC0D83A8823A83A8821A03A882B19FC
S31504002EF83A883920060F00003A8805003409D000BC
S31504002F083A8809503A880B583A880F183A880D10A7
S31504002F1800AD08403A880B183A880D003A880F0025
S31504002F283A8809103A8821103A8823184017094024
S31504002F38264500103A880D903A880F983A880980F1
S31504002F483A880B8840E908403A880B183A880910E9
S31504002F58C04809403A8809103A8829104039094076
S31504002F683A880F183A8809903A880B983A880D10C7
S31504002F7800AD08403A880F183A880B883A880980C1
S31504002F883A880D10C09D08403A881510040C80A094
S31504002F98050080E0440000E73A8817181ED67FE546
S31504002FA83A880D503A880F183A8809503A880B1807
S31504002FB8C0A508403A880D103A8809903A880B98B3
S31504002FC83A880F183A8821103A882318C0300940DD
S31504002FD8160800103A880B983A880D803A880F88A4
S31504002FE83A880990C00E09401E1700104C0080A0AC
S31504002FF826150010170D80D8150480D83A8809E0DC
S31504003008C4FF3F210700C020440E80001E08801814
S31504003018170580D81EFA3F111704C0D8170580D99A
S31504003028040C80004400C0181504C0D8050080307C
S31504003038030080201704C0D84400002744008010E9
S31504003048150DC0D805008020171600D9170740D9D2
S3150400305800AF0540050000E0170D80D91727C0D832
S31504003068172900D94400803015008018269C0220B0
S315040030781705C0D815000027065D3E00170D80D930
S315040030887400C1000400EE18171200D9FA9004302F
S31504003098171340D93A88C5101700001217014012B1
S315040030A83A880D403A880F48C03009400E0300108C
S315040030B8170D80D8C4FFBF10150D80D8150C00D87D
S315040030C806A83E00170B00D93AC02C201EC700B02C
S315040030D8171100DC171080DC3A8827000E0B000451
S315040030E8170AC0D80E09C0003A8805801613011CB1
S315040030F8170A00D9171180D93AC8A1803AC8892075
S315040031083AC88D30150A00D9151180D9171080D8F8
S315040031180E158000170BC0D83A0005181EC90110F1
S315040031280E0E8004171600D93A880B983A880D9023
S31504003138C0930640171600D9170780D93A880B108A
S315040031483A88271000580640171600D9170740D999
S315040031583A88231000AF0540150740DC171000D93C
S315040031683AC88D241E0E0130171600D944004004AF
S315040031783A880B88407D0640170980D93A88251075
S315040031880E048001171600D93A880B10C09306401E
S315040031983A882510171780D80EF380883A882300B2
S315040031A8170980D91E9E01304400C000170A00D9A9
S315040031B83A88C520CC07C0101E840018040780006E
S315040031C8170A00D9171180D93A88A1803A88892024
S315040031D83A888D30150A00D9151180D9171180D867
S315040031E80E058000170740D9171600D93A880D101E
S315040031F840430640150780D8170AC0D80E05C000F4
S31504003208171600D93A880B903A880D184043064099
S315040032183A882510170C00D93A000520266F0110A4
S31504003228170F00D90E170201170B80D93A0005307B
S315040032381E8800100E050004171600D93A880B9844
S315040032483A880D80404306403A8827103AC00488D5
S315040032581E5402103A880B98170580DD1506C0DC43
S315040032684C0000A73A882728170700D93A880B90F4
S31504003278406E0240170700D9170640D93A8823102A
S31504003288040CC08DC0C40540171600D93A880B90A3
S315040032983A880D983A882910802A06403A882B10CD
S315040032A8170380101E280110170700D93A880BA89F
S315040032B8C0C40540171600D93A8821103A880BA8C5
S315040032C800AF05401E040080171780D81E020010A0
S315040032D83AC004E026170110160601A01E0400A031
S315040032E81717C0D81E0200183AC004E026010110B8
S315040032F8163D02040500C0B5170580D9170F00D975
S31504003308440080B53A880531266580B0170740D948
S31504003318171600D9840280013A880F0000810640F6
S31504003328150780D8170680D8260CC114170640D965
S31504003338171600D9840280013A880F0000810640D6
S31504003348171600D93A880B98840280013A880F0028
S31504003358150680D8008106403A88271006C23F0021
S315040033683AC845243A9888A0064B3E00C4FFBF01D4
S3150400337844008000150E80D9150F80D9150B80D806
S315040033881716C0D8C4058000151100182E08801514
S315040033980401C0003A8809003A88C7180405801849
S315040033A8440000212EFCBFB0171680D91511003130
S315040033B8170F00DC064B3E00171780D93A882300FE
S315040033C804FFBF31151780D906F83D0004088000AC
S315040033D83AC8C9100401C000165A0019C40080006E
S315040033E8167E3F110407802006753F00171780D9FB
S315040033F8440080000EA18011170F80D91710C0D879
S31504003408C4FFBF3016C681183AC8A518170F80D846
S3150400341816620210171100DC3A880710170A80D9B9
S31504003428171180D8171600D93A88CD303A88C510AE
S3150400343844004001150A80D9151180D8407D0640FC
S315040034483A88271006253F007400C10004E2ED18E7
S3150400345806673D00170580DD4400000406070000E2
S31504003468170740D9171600D9840280013A880F0035
S3150400347800810640150780D844000084170700D940
S315040034883A880B90406E0240040CC0150500C0B57E
S31504003498170FC0D8440080B516F1FF80150600D86A
S315040034A8170740D9171600D944008001404306403F
S315040034B83A8809103A880B90150780D8C0C4054085
S315040034C80E3C80003A8809B0C4FF3F21030040211E
S315040034D8440E8000CC3FC0281C20C01804E0FF1806
S315040034E81E988118170580D91EF7BF21170D80D895
S315040034F84400003744008010150D80D8440C800021
S3150400350805008030171600D93A880B9000AF05409D
S3150400351826CD3E981706C0D8260400182603C01CD4
S31504003528171600D93A880B1800AF0540171600D9A4
S315040035383A880B9800AF054006C33E003A8805183A
S3150400354806EB3E00170A80D91711C0D804FFBF201E
S315040035583A888D303A8887183A88A180150A80D91E
S315040035681511C0D8061D3F001E0C3FA03404800068
S31504003578C4FFBF103A7084A81E083F102CFC9FA8ED
S3150400358826063F101711C0D8170A00D94400C018D8
S31504003598440000211511C0D8150A00D906003F00B9
S315040035A8170740D9171600D9C0930640150780D8BF
S315040035B806ED3E001E0200104C0080B81EC13F10E6
S315040035C8C4FFBFB50700C0B0040C800026FCBF18B2
S315040035D8440000B706CB3F00170D80D93AC88F01BF
S315040035E826F70138CC038039FA900C30740041016F
S315040035F804006E29171200D93A884D311701C030D4
S3150400360817008030171340D93AD121383A880D105B
S315040036183A880F1800AD08403A8811103A881318EA
S315040036283A8829103A882B1826E5018084008005F3
S315040036387400410404326E8C4C0080803A000510F4
S315040036481E080010170080891701C0893A880B489C
S315040036583A88094000AD08403A881110440080B5FC
S315040036683A8813187AD021800402408C1EF23F80CF
S315040036783A8829403A882B4806CA3D00170800D9D3
S315040036883A0005201EF60110171100DC171080DC1D
S31504003698C40CC11806613F00150B00D8172680D93B
S315040036A8170DC0D8440080303A88AD18C4FF3FB11E
S315040036B8150E00D90EF68105150F80DD06303F007C
S315040036C8150B00D8172600D90EEB01013A882D20D0
S315040036D8150E00D9150F00D906293F0044008001AC
S315040036E8150B80D906F73F0044000001150B00D9D5
S315040036F806EA3F000E0C0004170740D9171600D92E
S3150400370844008001404306403A8809103A880B90E1
S31504003718150780D8C0C405400EE081004400C0BD2A
S31504003728840E800026A281B8440000B70500C0B5FF
S3150400373806743F00440E8000269D81B80EFA3F05A4
S31504003748440CC08D06F83F00171600D93A880BA812
S315040037584400000400AF054006DF3E00171600D9F2
S315040037683A880B98840280013A880F000081064043
S315040037783A882710150680D806BB3E00171180D94B
S31504003788170D80D8150900D83AC88D303AC887006D
S31504003798151180D91510C0D806FE3C003AC88D010B
S315040037A8151180D9150A00D806F33C00170D00D95F
S315040037B8403909403A880B883A8809803A880F18AC
S315040037C83A880D104017094026E13C10170D80D998
S315040037D8C4FFBF31150D80D906DD3C00170700D993
S315040037E83A880B90C0C405400E8D3E10170740D981
S315040037F8171600D9840280013A880F000081064012
S31504003808170D80D9150780D8C4FFBF31150D80D987
S315040038181EA701B0170E80D8150F80D806803E0063
S31504003828170480903A8885103A8885103A88851452
S315040038381704001180B105400408C0003AC8871867
S31504003848065A3E00170740D9171080D9171600D90B
S31504003858C0930640150780D806433E00170F80D943
S31504003868170D80D8150380D9150480D8170BC0D82E
S315040038783A0005181EE20010170300D93A88050015
S3150400388834F8CF00FA900C207400010104002E21AC
S315040038983A880B183A880D3117FF7F3217FE3F32E4
S315040038A83A8809103A880F483A880D4040E9084092
S315040038B83A880B183A880DB03A880FB83A8809102E
S315040038C8C09D08403A880BA83A8809A01519C0D89B
S315040038D8151880D8C04809403A8809103A8827102C
S315040038E8403909403A880BA83A8809A03A880F183B
S315040038F83A880D10C09D0840171880D93A882318AD
S31504003908151480D83A882D30170580D9040CC09C24
S31504003918151540DC1719C0D80500C034170580D81A
S31504003928171940D9171480D93A8809B03A880F88E4
S315040039383A882F1844000017C01F0940164E800005
S31504003948171480D93A88050034FCCF003A880B1836
S315040039583A880F883A880910C09D0840171940D933
S315040039683A880F183A8809B03A880D10C01F0940DA
S3150400397816A2BD001703C0D8440080001612C01052
S3150400398806453D00171480D93A88050034FCCF0053
S315040039983A880B183A880F883A880910C09D084057
S315040039A8171BC0D93A880B183A8809103A880DB0FB
S315040039B8C030094016913D10170580D9170300D960
S315040039C83A8805312634BDE0340950043A88210082
S315040039D83A880BB83A8809B03A880D803A880F882D
S315040039E800AD0840171540D9171400D93A880F882E
S315040039F83A880D00151A80D8151BC0D800AD0840A2
S31504003A083A880B183A8809103A8823183A882110F4
S31504003A18C04809403A8809103A882B1040390940A9
S31504003A283A880B883A8809803A880F183A880D101C
S31504003A38C09D08403A882110171B00D93A882318D4
S31504003A48151400DC040C40AD151540DC171A80D893
S31504003A58050040E53A882F20171BC0D9171400D94A
S31504003A683A880B883A880D103A882D10440000E7E6
S31504003A78C03009400EC33F10170400D9150D00D9EC
S31504003A8806713D00171780D9840080000EE6BD1123
S31504003A981EFB3C20171600D93A880B904401800176
S31504003AA83A880F0000810640170700D93A880B1098
S31504003AB83A882510C0C405400EF1BC00170DC0D8BD
S31504003AC8170500D9150600D84400C018150DC0D826
S31504003AD8440C8000440000270500802006893E0027
S31504003AE81705C0D806C23B00740081010432AE3102
S31504003AF81709C03017088030171200D9171340D990
S31504003B083A880F183A880D1040E90840CC03809487
S31504003B18C40080053A8829103A882B1806893C007F
S31504003B28171000D9170980D93A8825003AC805110B
S31504003B383A8889203A888D30151000D9150980D914
S31504003B4806323E00440080284400002705008020F1
S31504003B58066C3E00170F80D816E0BC00170F80D9F4
S31504003B681EC53C303A8805003405D0003A880B98BF
S31504003B783A880F183A8809903A880D1000AD08401B
S31504003B883A880B183A880FA83A8809103A880DA07B
S31504003B98402809400EB83C103A8827003A88250080
S31504003BA806C63F0017014099171600D900070640B4
S31504003BB81704809904030011040340993A888D3147
S31504003BC83A888D31040280313A882310808D054065
S31504003BD8171600D93A880B884400800140430640EA
S31504003BE83A880B10069C3D00440E8000267080B867
S31504003BF8440080B8440000B7050080B006413E0082
S31504003C08170380D8740081010400AE313A8809B0DC
S31504003C18FA900E103A880BB83A888F3917FEBF38CF
S31504003C28170580D917FFFF38440000373A880F185C
S31504003C383A880D1000AD08403A880BA83A8809A0BE
S31504003C483A882F183A882D10C04809403A8809102E
S31504003C583A882710403909403A880BA83A8809A0B7
S31504003C683A880F183A880D10C09D08403A880B18F0
S31504003C781705C0D8040CC09C3A8809100500C01C56
S31504003C883A882120170300D9440080003A8823285B
S31504003C98262280203A8829103A8805003409D0005B
S31504003CA83A880F183A880D103A880B883A8809809A
S31504003CB800AD08403A880B183A8809103A88231840
S31504003CC83A882110C04809403A8809103A882B10C6
S31504003CD8403909403A880B883A8809803A880F1887
S31504003CE83A880D10C09D08403A880B181705C0D8A5
S31504003CF83A880910040C40AD3A88051D050040159C
S31504003D083A882120170300D9440000A53A882328B5
S31504003D181EE13FA13A8805E5C4FF3F173A88250006
S31504003D2834F8CF043A8809B03A880BB83A880D9023
S31504003D383A880F98C0A508403A880B183A8809109B
S31504003D483A880D803A880F88C030094016AB3C1073
S31504003D583A8809003A880B983A880FB83A880DB019
S31504003D68C09D08403A880B183A880F883A88091083
S31504003D783A880D80C01F09400E47BC00040CC000D9
S31504003D88C4FF3FE7070080E026FDFF10170480D92B
S31504003D98440000E7150D80D906AB3C00170FC0D8C0
S31504003DA8171100D93AC8E1203A880700069B3D0056
S31504003DB8440E8000050080B0440080B506C13D006D
S31504003DC88400800506F73B00170F00D90E003C0156
S31504003DD8170E80D90E30BC013A8805003409D00084
S31504003DE83A880BA83A880F183A8809A03A880D1019
S31504003DF800AD0840440000B13A8821103A882318D7
S31504003E08403909403A880B883A8809803A880F1855
S31504003E183A880D1000AD08403A881100340750025C
S31504003E283A880B183A880F483A8809103A880D4098
S31504003E38C0A508403A882D103430BF003A88EF10E0
S31504003E48170D80D8170EC0D83A882980C4FFBF102A
S31504003E583A882B88150480D81503C0D806833E00F3
S31504003E68170180D8171100DC171080DC840DC000F8
S31504003E783AC8871806693D00440080013A8821300B
S31504003E88150F80D9152680D9150E80D906933B00BF
S31504003E983A8821B0150F80DD06903B001E223E109D
S31504003EA84C0080B83A0005101E1F3E10061B3E0043
S31504003EB8171600D93A880B98840280013A880F00AD
S31504003EC800810640170EC0D83A882710150FC0D8A7
S31504003ED806D33C0004FBFFDE1503C0DC150280DCB8
S31504003EE81504C0DF150140DC150000DC3A882720DC
S31504003EF83A88252826020020170E80202656001008
S31504003F080B030091CCFFFF201C00E0180400E01806
S31504003F180C0280181E2600101701C0901400822077
S31504003F280D0380903A8809100E40C000170A0092C3
S31504003F38264000400C0084202653001017140094D1
S31504003F480B0380900C0180101E480010170740913F
S31504003F583A8809983A880D803A880F003AE83E402C
S31504003F681E2680800B03809017040091150100908B
S31504003F78CCFFBD10CCFFFF100C00C4180D038090B5
S31504003F8815000091262B00183A8807003A88051868
S31504003F98151400941704C0DF1703C0DC170280DC6D
S31504003FA8170140DC170000DC0405C0DE3A2800F8D7
S31504003FB817044094261F008817008090CC00C01868
S31504003FC8150040943AC86114262500183A88050055
S31504003FD8150280900E1700041709C0901707409120
S31504003FE83A880D883A880F803A8809983AE83E183C
S31504003FF83A88A3883AC8A18016F6BF000B038090B6
S31504004008C4FFFF00141080100D0380903A88051829
S315040040181704C0DF1703C0DC170280DC170140DC75
S31504004028170000DC0405C0DE3A2800F8170F809054
S3150400403816BEBF003A8807003A8805181704C0DF79
S315040040481703C0DC170280DC170140DC170000DC0C
S315040040580405C0DE3A2800F84017044006A83F00C5
S31504004068170580901502809006DA3F0017018090A4
S31504004078170CC0903AC8A18026B43F18170F809031
S315040040883AC8A18006B13F00170740913A880998B3
S315040040983A880D004400C0013AE83E403A882110A7
S315040040A8C4FFBF0026028080170A009206A43F00B8
S315040040B81700C0984407800026DEBF180B038090BB
S315040040C83A880780141080100D03809006CF3F00AD
S315040040D83400410104B74F293A88072026050020F1
S315040040E874008100041DB510170000113A880B18D6
S315040040F8C1ED034074008100041EB51017000011B9
S31504004108C1CD04403400810004949C10150B802012
S315040041183400810004CF9C10150880203400C100A7
S3150400412804B0DC183400810004969C100D03402169
S315040041388D0380211509C020150A8020150000204A
S31504004148150100201502002015040020150500207D
S3150400415815060020150700213A2800F83A2800F821
S315040041683A2800F83A2800F83A2800F8170E80206A
S3150400417804FDFFDE150140DC150000DC1502C0DF76
S3150400418844004004040140013A880D003A8821207D
S3150400419804BB00223A880F20260500101702C0DF48
S315040041A8170140DC170000DC0403C0DE3A2800F8D7
S315040041B8170100213400810004969010C400C00041
S315040041C8150F808015B9C08015BA0082150E408473
S315040041D815B80080C0100440170200813A880D887B
S315040041E83A880F8084024001C010044017030081F6
S315040041F83A880F8084044001840080011702C0DFD6
S31504004208170140DC170000DC0403C0DEC1100440BB
S315040042183A8805003A2800F83A8805003A2800F84A
S3150400422874008100041DB510170000113400410103
S315040042380488502941DA044074008100041DB5102D
S3150400424817000011340041010486502941DA04405C
S315040042583400410104C65D2941DA04407400810032
S31504004268041EB510170000118125044004FCFFDE66
S31504004278150000DC3A882128150140DC04174001A2
S315040042883A8823203A8809801503C0DF1502C0DC62
S3150400429800490040040340113A8809883A882710DF
S315040042A8400B05400403C0103A8823103A880918BD
S315040042B83A880D983A880B00260B0010150100144D
S315040042C81502C0101500001080A505403A88058817
S315040042D81703C0DF1702C0DC170140DC170000DC37
S315040042E80404C0DE3A2800F83A8823003A88058888
S315040042F81703C0DF1702C0DC170140DC170000DC17
S315040043080404C0DE3A2800F804FDFFDE74008100C8
S31504004318041EB510150000DC17000014150140DC56
S315040043281502C0DF170E80803A882320262600103F
S3150400433804B800841701808017020081C4FFFF10A7
S31504004348160900180F038020260B0010C4FF7F01EE
S31504004358060200000F03802026070010C4FFFF187A
S31504004368041700211EFB7F191700808026190010E8
S315040043783A88211006EF3F00C4FFBF004400C0007E
S315040043888D0380200D03C02015000020150200208F
S315040043981501002015040020150500201506002027
S315040043A8150C0020150D00201511002015120020EB
S315040043B83A8805201702C0DF170140DC170000DC25
S315040043C80403C0DE3A2800F83A88098040170440F6
S315040043D806D73F003A88098804014001402704406B
S315040043E8150080801EE23F10040380003A88090005
S315040043F81500808806EE3F0004FBFFDE1503C0DCCB
S315040044087400C1040499EF9C150280DC150140DC94
S31504004418150000DC3A8823283A8825201504C0DFCD
S31504004428802D0A40170280983A8809903A880B002A
S315040044381701C01004FFBF003A70A0183AC8638475
S31504004448C4FB438C3AD32288C4FF8300C4FF7F8C01
S315040044583A9322880E064014001E07401702C09895
S315040044683A8809903AC84B043A88C7802609C01086
S31504004478C02D0A403A8805001704C0DF1703C0DCBC
S31504004488170280DC170140DC170000DC0405C0DED7
S315040044983A2800F83A880990001E07403AC84D841D
S315040044A8C4FFFF003A8809903A880B007400C101DA
S315040044B804D1FB39540080312609C010170080380E
S315040044C81702C0983A8809903AC8451415008038E6
S315040044D815018019C02D0A404400800006E63F00F5
S315040044E8001E0740170280993A880F103A880990E7
S315040044F83AC88711C4038000540040190EDCFF1023
S31504004508740081000422B5101700C01074008100DD
S3150400451804D1BB10150140313AC8C7381500C0107C
S3150400452806D33F0004FDFFDE150140DC150000DC60
S315040045381502C0DF3A8821283A882320265A0028FB
S31504004548802D0A4004FE3F821701404184FFBF00C4
S31504004558740081020499AF523A708E283A88CD4184
S315040045681701C0301702005104FFBF003A709218B1
S315040045783A881750266700314C0080283A000510FF
S31504004588150140321E1A00103A880B003A88473241
S31504004598170180184C0080101E2300103AC00A2800
S315040045A83A884F3A1E4500281702003174008100E4
S315040045B8049BAF10267B8020170380303A88073A7D
S315040045C81500C019150200111503802054008038FF
S315040045D815018040261A00283A8809881702C0DF80
S315040045E8170140DC170000DC0403C0DEC12D0A40B5
S315040045F817FEBF800402C0503AC891401702004112
S315040046083A888F382661C020170380403A88473293
S315040046183A880B001502001115038020170180182B
S315040046284C00801026DD3F10540080383A88073A3B
S315040046383AC00A28150180401500C0191EE63F280D
S31504004648C47F80002E1FC0117AD206381E4800186F
S31504004658FAD00438FA9006103A88CD1A170240316F
S31504004668265940311701802804FFFF003A70C41008
S315040046782E028038170240291EFA7F311703802933
S3150400468815038041150240413A8809881503002A12
S31504004698150200321702C0DF170140DC170000DCE0
S315040046A80403C0DEC12D0A401702C0DF170140DC2F
S315040046B8170000DC0403C0DE3A2800F817020031AC
S315040046C806BD3F00FAD00638440080001701405161
S315040046D8FA900818BAD007183A88C922170280210E
S315040046E83A98C41015030041150280413AB08A2845
S315040046F8150200223A88098815014051150300322B
S315040047081702C0DF170140DC170000DC0403C0DE13
S31504004718C12D0A404C0080283A884D3A1E070010DD
S3150400472817FEBF803AC89140170300411702C040DC
S315040047383A888D301502C0201503001974008100CB
S315040047480421B510170000115400C0301502005298
S315040047581501C04036A03F317400810004C7BB1060
S31504004768170040113A88098800400440069A3F0019
S31504004778040180002E07C010040580003619C010F5
S31504004788C4168018FA90061006B33F004400400188
S31504004798067E3F00BAD10438040E8010FA9006103B
S315040047A806AD3F0015030022150200223A88053A91
S315040047B85400C0381500C011150200411501C04047
S315040047C81503004106843F00BAD005104400C00012
S315040047D8170100513A9886183AB0C82015010051B5
S315040047E806A73F00041580003604C0103AD30438DF
S315040047F8841B8010FA90061006973F000455800023
S315040048083604C010FAD30438C41D8010FA90061072
S3150400481806913F00045581002E03C010841F8000B2
S3150400482804FCC000068C3F00BAD40438041F801068
S31504004838FA90061006883F001702803004F5FFDE5A
S31504004848150900DF150780DD150380DC150AC0DFAE
S315040048581508C0DD150640DD150500DD1504C0DCA8
S31504004868150240DC150100DC3A882D303A883920D7
S315040048783A882528261C00100B03C0290C02803808
S315040048882627001017048028262500108C00803857
S31504004898170040B5262800103A8821003A882300D4
S315040048A83A880D883A8809E004008100266E00805B
S315040048B83A880F80170740912E0100143A880F1082
S315040048C81709C0903AE83E183A8807103AC8A180F2
S315040048D83A88A3880E6D8000170280B03AC8C510BE
S315040048E8150280B01EEE3F103A8809003A88052062
S315040048F8170AC0DF170900DF1708C0DD170780DDB0
S31504004908170640DD170500DD1704C0DC170380DC35
S31504004918170240DC170100DC040BC0DE3A2800F855
S31504004928805A02401EE400100B03C091170040B5DC
S315040049388C0080381ED83F104C0080383A00051089
S31504004948265700103A8829003A882F00264200A0E4
S315040049580C80803817020094268B00103A880D8044
S3150400496836A500A40C208138262700101705809048
S3150400497817040092170040913A8887103A888718D6
S31504004988FAD708183AC8212A440080803A88C920E8
S315040049987AD027203A8885A03A880D982E028098DE
S315040049A83A8827103A880D100C00813826B800106A
S315040049B83A880B303A8809E0400B05402631001046
S315040049C8170440913A8809103A880D803A882310CA
S315040049D8808D05400B03C090C4FFBE003A7086184C
S315040049E81420C0180D03C0903AC8079C3A88058C51
S315040049F83A880DA03A8821A0150080901502C09027
S31504004A08150440941505C094170000913A880BB80C
S31504004A183A8823A0809705401702C0901700809013
S31504004A283A8827A03AC8071C3A8805141502C09084
S31504004A383A8821A015008090170280B03AC8051458
S31504004A48150280B026A83F103AC869A40B03C09182
S31504004A583A88EFBC1EBE3FA01700C0AD170100ADD3
S31504004A68040240AD06B93F00170040AC170100AC7C
S31504004A78040240AD068A3F00170440913A8809E0CB
S31504004A88C052044004038000150080E00B038090A4
S31504004A98C4FF3F01141080100D03809006933F0055
S31504004AA83A8827003A882F00150000D83A88290042
S31504004AB8261E00981700C0D83AC00418265E0010AF
S31504004AC83A8821982E01C0A43A8821A0170000919B
S31504004AD817048090170280911705C0912E020011C1
S31504004AE83A88E3311616008C1638C0811709C09027
S31504004AF8170740913A8809E03A880DB83AE83E180B
S31504004B083A8823100EE1BF003AC869A4261800A003
S31504004B18170280B03AC84514150280B026723F10B1
S31504004B283AC8679C3A886FBC1EE23F981700C0AD26
S31504004B381701C0AC040240AD150000D806DC3F00DE
S31504004B483A880BB83A880D88809705401700C090B4
S31504004B583A8809E03A880B903A88471C1500C090B1
S31504004B68C0ED03401EC93F103AC869A41EE83FA019
S31504004B783A8809E03A880B90C0ED03401EC33F10FB
S31504004B88150000D806E23F0017000091170480902C
S31504004B982E0200113A882380363100851705C09104
S31504004BA83618C0A11709C090170740913A8809E03A
S31504004BB83A880DB83AE83E183A8821100EB3BF0071
S31504004BC83A8823103A882710069B3F003A880BB880
S31504004BD83A880D80809705401702C0901700809088
S31504004BE83A8823803AC8071C3A8805141502C090E7
S31504004BF81500809006C43F003A880DA03A8821A083
S31504004C0806813F003A880BB83A880DA0809705407C
S31504004C181702C090170080903A8821A03AC8071D49
S31504004C283A8805153A8823A03A8827A01502C09021
S31504004C381500809006803F003A8809B8840240012E
S31504004C483A880D98407F0540261700103AC8C515BE
S31504004C584400001544008000150080D806983F00DB
S31504004C683A880BB83A880D80809705401700C0909B
S31504004C783A8809E03A880B903A88071C1500C090D0
S31504004C883A882780C0ED0340266B3F10067F3F0015
S31504004C983A880B403A8809E0C0B7064026763F10A2
S31504004CA83A88231006503F004400C0004400009D83
S31504004CB81500C0D806823F000B0380904402C0004A
S31504004CC8C4FF3F01141080100D0380901500C0E046
S31504004CD806063F0004F7FFDE1503C0DC04B8C0244B
S31504004CE8150680DD150540DD1508C0DF1507C0DD8E
S31504004CF8150400DD150280DC150140DC150000DC16
S31504004D083A882B203A882D284016044026210098F4
S31504004D183A882F001701809C1702009CC4FFBF9095
S31504004D28160D00103A882300C4FF3F050F03808040
S31504004D384400408C260600108F0380803A880B8036
S31504004D483A8809A8260200153AE83EB03AB0AEB841
S31504004D58041700841EF57F941700C09C1EED3F9827
S31504004D68801604403A8805B81708C0DF1707C0DD5F
S31504004D78170680DD170540DD170400DD1703C0DCC0
S31504004D88170280DC170140DC170000DC0409C0DECA
S31504004D983A2800F83A882F0006F13F0004F8FFDEA7
S31504004DA81503C0DC04B8C024150540DD1507C0DFAB
S31504004DB8150680DD150400DD150280DC150140DCCE
S31504004DC8150000DC3A882B2840160440261F009854
S31504004DD83A882D001701809C1702009CC4FFBF90D7
S31504004DE8160C00103A882300C4FF3F050F03808081
S31504004DF84400408C260500108F0380803A88098079
S31504004E08260200153AE83EA83AB0ACB00417008466
S31504004E181EF67F941700C09C1EEE3F988016044029
S31504004E283A8805B01707C0DF170680DD170540DD89
S31504004E38170400DD1703C0DC170280DC170140DC09
S31504004E48170000DC0408C0DE3A2800F83A882D006A
S31504004E5806F23F001703A0D03A2800F87400810030
S31504004E6804F4AD103A2800F874008100041DB51046
S31504004E781700001141E6044004FCFFDE7400C1007B
S31504004E8804EFED18150280DC150140DC150000DC82
S31504004E983A8823203A8825281503C0DF3A88213022
S31504004EA83A8809303A880B1826090030C039074071
S31504004EB83A8809807400410104C16D291E0B00104B
S31504004EC8150D008C150C808C7400C10004EFED18C8
S31504004ED83A8805181703C0DF170280DC170140DC7F
S31504004EE8170000DC0404C0DE3A2800F8C03907407D
S31504004EF83A88070026F23F1006F53F007400810140
S31504004F08041DB5313A880720170000313A880D2860
S31504004F183A880B1801E804400B03802804EDFFDEE9
S31504004F28151040DC8C008010150F00DC1512C0DF4C
S31504004F38151180DC3A8821283A882320260B00108C
S31504004F48C410C02844008000150580281504C0280C
S31504004F581500C0281712C0DF171180DC171040DCB3
S31504004F68170F00DC0413C0DE3A2800F88F03402923
S31504004F78162100283A880DD8C0720740161E00105C
S31504004F88170180D81400E0000C003C112631C0201B
S31504004F980B0380800400C800140082100D0380806F
S31504004FA8261EC020040081043A8809883A880B9092
S31504004FB8400B05403A880910263100100B03C080BF
S31504004FC83400810004969010150F80881420C018A8
S31504004FD8150580840D03C080150400811500008121
S31504004FE81712C0DF171180DC171040DC170F00DC1E
S31504004FF80413C0DE3A2800F80B03C0800C2080187E
S315040050082604001004108004140082180D038080FE
S3150400501806E53F000400810406FB3F008F03408138
S315040050283A880988007A074026DE3F100B038080F9
S31504005038C410C08004008104540080100D038080CD
S31504005048440080001504C080150580801500C080C2
S3150400505806D53F00170AC0803400810004969C10C8
S315040050681ECBBF180B0380800400C1003A8825189C
S315040050783AB0C4100D0380801513C08006CA3F00D9
S315040050880B0300810C8080201EB23F10C410C08020
S315040050989400002144008000150580800D030081DA
S315040050A81504C0801500C08006AA3F0004F6FFDE7A
S315040050B8C402C02884058000150280DC1509C0DFF7
S315040050C8150800DF1507C0DD150680DD150540DD6A
S315040050D8150400DD1503C0DC150140DC150000DCF1
S315040050E83A8825203612C010040440042E14408938
S315040050F8040380003A880700150080903A8805184A
S315040051081709C0DF170800DF1707C0DD170680DD9B
S31504005118170540DD170400DD1703C0DC170280DC21
S31504005128170140DC170000DC040AC0DE3A2800F840
S3150400513804FEBF003A70A21816ED3F8836EC7F8944
S315040051483A880990802D0A40C47D80002E2B40148D
S315040051587AD206881E3F0018FAD00C88FA900430D2
S315040051687400C1020499EF5A3A88CB121703002C2B
S315040051783A880F581E04002C060A00000E860018EA
S31504005188170300842607002C1701808004FFFF00FC
S315040051983A70C8103AC84724C40380000EF7FF10B3
S315040051A8C4FFBF314400403274008102049BAF52ED
S315040051B81702005426A080821701808004FFFF008E
S315040051C83A70CA103AC84D2CC4038000168380115D
S315040051D81503805215028052162900303A884781F1
S315040051E8170180183A880990540080101501801810
S315040051F8C02D0A400402C08006C03F007400C102E4
S315040052080499EF5A3A88C58A170300143A880F583E
S31504005218FAD00688266C00141701C08004FFBF0064
S31504005228170380813A7086183A88C7801701801850
S31504005238170240813A880990540080101501801895
S315040052481502403115038029C02D0A400402C08086
S3150400525806AA3F00040180002E05C010040580003C
S315040052683678C010C4168019FA90043006BC3F007C
S31504005278BAD10488040E8011FA90043006B83F00A7
S31504005288C47F800036BB4011FAD0062804FE3F5777
S3150400529844008000FA900818BAD007181701C0E12C
S315040052A83A880959170240213A98C410150300810F
S315040052B8150240813AB08E381503002C15020024D5
S315040052C81501C0E13A88074816CD0048BAD0071830
S315040052D8440080003A98C810364400393A70C4210C
S315040052E81E0A00103A88092104FFBF003A70844850
S315040052F83A700639040140121E0400183A88092136
S315040053083A7004390401404A26FC3F10FA900448CE
S315040053183A88194804FF3F023A889B583A8807682E
S31504005328C40340011703001C1E04001C06A7000042
S315040053380EAB00301703008426A4001C17018080D6
S315040053483A7004123AC84D140EF9BF29170300819E
S315040053581702C080540040893A8845841502C02043
S3150400536815030019150140813A8887115400003144
S315040053781503805015028050150080191501001177
S3150400538815028012150380123A880990C02D0A4026
S315040053980402C08006593F003A8809811701802013
S315040053A81702C0801703408154008010150180201D
S315040053B81502C028150340193A880990C02D0A40D9
S315040053C80402C080064D3F000402808017030014BF
S315040053D81E913F148400401A06733F005400C08887
S315040053E83A8845841501C08006DF3F00170200E4A9
S315040053F804FFBF001701C0803A882D803A70AA18A6
S31504005408361640AC3AC849ACC40380000E130011E2
S31504005418540080883A884784150180805400802087
S31504005428150180181502C0E03A880990C02D0A4073
S315040054380402C08006313F001701C03904FE3F57F5
S3150400544806A03F00041580003667C0103AD30488C6
S31504005458841B8011FA90043006413F0017AAA6D08F
S315040054681705E0D0C4FF3F05040480103A88A788CE
S315040054782603001DC4FFC3980400BC003A70A6188E
S315040054883A8809903A880B98001E07403A8809100A
S31504005498260400153A884B853A8829102E5A401155
S315040054A8260C0087170200E41701C08004FFBF001A
S315040054B83A708418360340143AC84914C403800061
S315040054C816D33F113A880990C02D0A403A88070036
S315040054D8060A3F007400C10504D1FBBD170080B855
S315040054E83A888D98150080B91705E0D0C4FFBF0027
S315040054F8268E80183AC845213A888530150080B822
S31504005508CC01C0201E5F00183A880B003A88C5A44F
S31504005518CCFF83100400C4003AC887183A88E728E1
S315040055283A8809903A880B98001E07403A8807106B
S31504005538C4FFBF00267A80183AC8051D3A8885989C
S315040055485400C010170080B83A8821A01501C0A0DD
S315040055583A888598150080B8150200E5263600B7FE
S31504005568C4038001364B403544008000150180A0F1
S3150400557806CD3F007AD208281E370020FAD008281C
S31504005588FA9006203A88D11A17028041265B804190
S315040055981701803004FFFF003A70C4102E028028D9
S315040055A8170280311EFABF41170300321701C039AA
S315040055B815030082150280817400010704992FE7F8
S315040055C81503003415020044063E3F0044000063F8
S315040055D8CC008060265D00100402C01806513F0006
S315040055E83A888980066D3F00045580003620C0102D
S315040055F8FAD30488C41D8011FA90043006D83E00F4
S31504005608C400C04806313F007400C10504D1FBBD7F
S31504005618170080B83A888D98150080B91EB23F29BC
S31504005628CCFF83201EB03F10170200E43A88459D3C
S3150400563854008010150180801700C0B817ABA6D097
S315040056482E01C01015ABE6D017ACA6D02E96FF10C7
S3150400565815ACE6D006943F0004018000361E0011FE
S31504005668BAD10428040E0011FA90062006C53F0094
S31504005678045581002E1DC010841F800104FC80007F
S3150400568806B73E00040280003AC8CB103A8869215E
S31504005698069E3F0004FEBF0004FD3FA93A70882019
S315040056A83A880BB14401C0001502C0281501C02868
S315040056B8170180B04C0080103AB08420150180B0E0
S315040056C82EDD3F31040240B13A880990C0520440A5
S315040056D8170200E406D83F000405800036150011B9
S315040056E8C4160021FA90062006A63F00BAD40488F8
S315040056F8041F8011FA90043006993E00BAD0092096
S315040057087400410104996F294400C00017018028D8
S315040057183A9806193AB0C4101501802806A33F0022
S315040057283A8827004400C00006863F00150520D1A4
S3150400573806733F0004158000361900113AD304286D
S31504005748841B0011FA900620068E3F003A880B48FF
S315040057583A880768CC00802804FEFF18C4FF7F290E
S31504005768261500101702801826FAFF103A88092110
S31504005778361E3F39261D3F203A70C42126020010E2
S315040057883A88136006E13E003A8809213A700439DA
S315040057980401006326FC3F103A88136006DB3E00CA
S315040057A80455800036080011FAD30428C41D0011D4
S315040057B8FA90062006733F003A3004013A708E3890
S315040057C81501C0E106E93F00045581002E030011C6
S315040057D8841F000104FCC000066A3F00BAD40428EA
S315040057E8041F0011FA90062006663F00C4008000D4
S315040057F8CC3F40293A8807202E0280113A7084202B
S31504005808260B0010C4FF3F311E050030062C00008D
S31504005818C4FF3F21C4FFBF004400C01826288020C7
S31504005828030080181EFABF283A8805183A2800F893
S315040058383A8811003A8807000401C0013A920440E4
S315040058484400C0183A8851111EFCFF19F4BFBF0260
S31504005858C4BFBF52742060020420604AC400C00258
S315040058681700802004FFBF313A880F203AF004124B
S315040058783A8887123A70461A3A3084003A70C41045
S31504005888260B001003008020260F80284300802062
S315040058984400C021260C8028830080208400C0216F
S315040058A826098028C3008020C400C0212606802833
S315040058B80401002136EABF593A88072006D13F0079
S315040058C83A8805003A2800F83A8805383A2800F84C
S315040058D8C403C0013A8807202E0380393AB0042944
S315040058E8CC00801026090010260600303A88CD30F0
S315040058F80300802844004029050080184400C01885
S315040059081EFBFF303A8805203A2800F83A881138F1
S315040059183A880F201700C02804FCBF311500C03888
S3150400592817018028150180381702C0281502C038C7
S315040059381703802804044029150380380404C03951
S3150400594836F4BF41C40080002E0780113A88071038
S315040059581700802804FFBF31040140291500803848
S315040059680401C03936FABF193A88073806DE3F00FB
S315040059783A8807283A8811202E0C00293A888F2954
S315040059882E0AC021260700303A8887213AC88D197D
S31504005998C4FFFF3903008038C4FFFF1805008018C8
S315040059A81EFBBF193A8805203A2800F8C403C0012B
S315040059B8360A803926FB3F303A880F403A880D323A
S315040059C80300802844004029050080384400C03973
S315040059D81EFBBF393A8805203A2800F83AB004195C
S315040059E8CC0080101EF33F103A8811383A880B18F9
S315040059F83A880F201700C02804FCBF311500C038A8
S31504005A0817018028150180381702C0281502C038E6
S31504005A181703802804044029150380380404C03970
S31504005A2836F4BF41C40080002E0780113A88071057
S31504005A381700802804FFBF31040140291500803867
S31504005A480401C03936FABF193A88113806D93F0015
S31504005A58C4008000CC3F40293A8807202E028011D2
S31504005A683A70842026080010260500303A8805284E
S31504005A783A88CD30050080184400C0181EFDBF19A9
S31504005A883A8805203A2800F83A920428C403000202
S31504005A983A880F203AB084283A9406103AB0C610C9
S31504005AA82E0A80413A88054004FCBF311500C038E7
S31504005AB81501C0381502C0381503C0380404C039A6
S31504005AC836F9BF11C40080002E05801104FFBF31CA
S31504005AD8C40080001500C0380401C03936FBBF1164
S31504005AE83A88073806E03F00260800281701802868
S31504005AF8171300213A8885103A8885103A880511C3
S31504005B081700C0101500C028150040113A2800F8DF
S31504005B18ECFFBF20261400103A8807002CC0BF20CB
S31504005B281E0200103A9208200402C0182C00BC2059
S31504005B381E0200103A9108200401C0182C00B02057
S31504005B481E0300103A8805218400C0183A88891073
S31504005B58160300202C009020260600104400C018C6
S31504005B683A8805183A2800F83A9408200404C0002C
S31504005B7806EA3F000408C0003A8805183A2800F8DF
S31504005B881700C020CC018018260A00104C00801883
S31504005B983A000510262100108C0080181E250010D6
S31504005BA8BAD0041884004001150080203A880528D4
S31504005BB83A2800F8CCFFBF18261500103A880B00BF
S31504005BC8CC3F80181E0200103AD206180402402957
S31504005BD8CC0380181E0200103AD106180401402985
S31504005BE8CC0080181E020010BAD00618840040297A
S31504005BF84C0080181E0300107AD00618260A0018CE
S31504005C08440040293A8805281500C0203A2800F897
S31504005C183AD406180404400106E93F003A880B0002
S31504005C283A8805283A2800F8040840013A880528DD
S31504005C383A2800F87AD00418440040011500802058
S31504005C4806DA3F00170480201704C0283AC8CF1084
S31504005C581E0C00383A88C5183A8885100405C01001
S31504005C68040500213A88CB283A88852004FFBF100A
S31504005C7804FF7F29170080111700C0281E03C030AF
S31504005C8836FABF203A8805383A2800F83603C03071
S31504005C984400C0013A8805383A2800F8C4FFFF01D1
S31504005CA806F83F002CFC5F2934303F013A880B295B
S31504005CB83AC845013AD507103A880D000E04400142
S31504005CC83A880F283A8807383A8805303A2800F877
S31504005CD8C404800004FB3F190E0CC010C4078000DE
S31504005CE83AC80711840780004400400116020011CF
S31504005CF8440080003A98CA103A880F003A880D285A
S31504005D083A8807383A8805303A2800F83402800079
S31504005D183AD8CF103A880D003A8805303A880738B9
S31504005D283A2800F81704802004F9FFDE150400DD7C
S31504005D383A888510040500253A888510150000DC84
S31504005D483A88A1A0150540DD17FF7F85150140DCBB
S31504005D581506C0DF3A8809A83A8823281503C0DC43
S31504005D68150280DC80B105403A880B1004088000CF
S31504005D783AC84511150080888402800004FFFF8014
S31504005D8816144011C40280003AC849113627C0A027
S31504005D983A880D00440580283AD806A93A9884A872
S31504005DA834FCCF1C3AB0A4113A8805903A8807986F
S31504005DB81706C0DF170540DD170400DD1703C0DC2E
S31504005DC8170280DC170140DC170000DC0407C0DE7C
S31504005DD83A2800F8360EC0A044FD3F293A880D003B
S31504005DE8260F0020040880003AC80B113612C0A0FA
S31504005DF83A880F003A9804A93AD846313A980831AD
S31504005E0834FC8F103AB0A6183AB0243906E63F0097
S31504005E1844FD3F2917FEBF8104FEFF801EF13F2083
S31504005E2834FCCFAC3A88253006DF3F0017FFBF188D
S31504005E383AD80C1106D73F0017FFBF183AD84E11A7
S31504005E4806EC3F0004F9FFDE150240DC3A882328F5
S31504005E583A880BD81506C0DF150500DD1504C0DC25
S31504005E68150380DC3A882520C0D205403A8809887B
S31504005E78040140D93A8827103A882918C0D205401F
S31504005E88170400891704C091170180D93A880B189A
S31504005E983AC80F393A880910170080D87A910E380B
S31504005EA83A8811203AC885113A88C5113A950610D8
S31504005EB83A8813280E0D80003A88291D3A880BA0C3
S31504005EC83A880F483A8809983A880D4040E90840C4
S31504005ED81706C0DF170500DD1704C0DC170380DCCE
S31504005EE8170240DC0407C0DE3A2800F83AC8D3286B
S31504005EF806F23F0004FEFFDEC4058000150000DC40
S31504005F081501C0DF3A882120160C0011FA900420E6
S31504005F187400C1000400EE183A88C510170140122F
S31504005F28170000123A8807483A8805401701C0DF67
S31504005F38170000DC0402C0DE3A2800F83A8811008B
S31504005F4834FC4F023A8805003409D0003A880B48D5
S31504005F583A8809403A880F183A880D1000AD084067
S31504005F68C4FF3F843A8811103A8813181EF53F80F7
S31504005F783A8805403A8807481701C0DF170000DC4D
S31504005F880402C0DE3A2800F8C4FF7F2917048030CB
S31504005F987AD10B28040580313A8885103A884B292A
S31504005FA83A884B293A8885103A880B293A888730E3
S31504005FB8040140292E05C0301700803004018031C1
S31504005FC8150080200401002136FBFF302E034021F2
S31504005FD8150000200401002136FD7F213A2800F827
S31504005FE8170480207AD10728040500210E0DC01055
S31504005FF83A8885103A8885103A888D202E1880218B
S3150400600817FFBF3004FFFF301E0400102E14C020F3
S3150400601804FFFF181700801826FC3F104400800070
S315040060283A2800F80E0A8018CC07402926080028C2
S315040060383A88C5183A8885103A888D201700C030E2
S315040060483AD844193A9844111EF4BF1806EB3F008F
S315040060583A88C5183A8885103A888D2006E73F009D
S315040060683A8805003A2800F81713C02004FBFFDE17
S315040060781503C0DC150280DC1504C0DF3A88252820
S31504006088150140DC150000DC3A8827200404800149
S315040060980401400126170018440040013A888594F3
S315040060A83A98A22C3A8885103A88C7101700001C1B
S315040060B83A884D8C3A888D313A8809980405803196
S315040060C826120080170080801500801815040080A9
S315040060D8150300803A8805801704C0DF1703C0DC5F
S315040060E8170280DC170140DC170000DC0405C0DE5B
S315040060F83A2800F8004D07403A8807103A882100E4
S31504006108151380981EE43F1006F23F00004D074021
S3150400611826F03F103A882110150180141502401400
S3150400612806EA3F0004F5FFDE1505C0DC4400C0049A
S31504006138150200DC3A8821283A880B981509C0DD2F
S31504006148150880DD150740DD150600DD150480DC1D
S31504006158150340DC150AC0DF3A8823303A882D38FF
S31504006168170BC0DD000706403A8825103400A00046
S31504006178C4FFBF103A7088883AD52A2034048000B0
S31504006188C4FFBF103A7086883A0029A83A880B805B
S315040061981501C0D8040500941E0200A03404C018D2
S315040061A81501C0D8262700283A8809D8150040D9E9
S315040061B880B805403A880D10263500101701C0D856
S315040061C8040880003AC88511170000D93A98861839
S315040061D83AB006191505C0901701C0D83AD88619D9
S315040061E81501C0D83A000B18840080003AC84B1130
S315040061F81501C080150440911E1A00A03A88453539
S3150400620844F3BE10440DC000150080B03AC887197F
S315040062181500C0B83A880590170AC0DF1709C0DD0B
S31504006228170880DD170740DD170600DD1705C0DCF3
S31504006238170480DC170340DC170200DC040BC0DEFD
S315040062483A2800F8040100D980B8054004088011EA
S31504006258170180D81504C0943A880B9815058090C0
S3150400626826E63FA03A8845293A8885103A880514CF
S3150400627817FF3F1184F3FE307A9120281500C0B029
S3150400628880B105403AC8A180150000BC06E13F006C
S31504006298170080D8150580901701C0D806D13F008D
S315040062A804FBFFDE150000DC3A882128150280DC91
S315040062B83A880B303A8825203A880980150140DC4B
S315040062C81504C0DF1503C0DC3A882330C0C4054072
S315040062D826420010165000103A88270017014081FC
S315040062E83A880990000706403A88191017048082EC
S315040062F817048088040580813A8887523A8885106D
S315040063083A88C7183A8885100405008A1503C064B4
S315040063183A88DB303A8897400405C0613A88130006
S31504006328170000311700404104010042CCFFBF208A
S31504006338CCFFFF283AC8C5103A8845123AD4082033
S315040063483AD40A283AD407100D0080383AC84921A5
S315040063583A88C9208D000039040180310401C03906
S315040063683AD4132036EEFF422E0C40331700803001
S3150400637804018031CCFFFF103A88471A3AD4041036
S315040063883AD409180D00C0383A8805118D008038AA
S315040063983AD413100401C03936F47F3317FFBF38D3
S315040063A804FFFF381E04001004FFFF1817008018A6
S315040063B8C4FFBF5226FC3F103A8805601504806264
S315040063C81704C0DF1703C0DC170280DC170140DCA2
S315040063D8170000DC0405C0DE3A2800F83A8809905C
S315040063E83A880B00000706403A88191044008000D2
S315040063F8150480603A880560150500601704C0DF37
S315040064081703C0DC170280DC170140DC170000DC28
S315040064180405C0DE3A2800F83A880D884400C0040A
S315040064283A8823803A88213006AC3F0004F9FFDE17
S3150400643817048028150000DC7AD121301702C028F9
S3150400644844008010150140DC3A88A380150540DD18
S31504006458150400DD150280DC1506C0DF3A882528F8
S315040064681503C0DC3A8829303A882B2017014029BD
S315040064780E03401C3A88C7184400402916FD7F1CA1
S315040064883A8809A8000706403A88271004054011E7
S315040064980E0900043A8805283A8807004400C018FB
S315040064A815000010040180101EFCFF803A8805843C
S315040064B83A8885103A888B28170480900405009139
S315040064C8CC0780A13A8885103A8885103A888F20A7
S315040064D8261E0030040880003AC891113A8807003D
S315040064E8170080203A9884113AB084181500802839
S315040064F81700C02004010021040140293AD8061ACD
S3150400650836F7FF211500C028260100184400408CE0
S31504006518C4FFBF88150480983A8809A83A880B905E
S3150400652800AF05403A8805981706C0DF170540DD11
S31504006538170400DD1703C0DC170280DC170140DCF2
S31504006548170000DC0407C0DE3A2800F8170080208C
S315040065580401002115008028040140292EECFF219E
S315040065681700802004010021150080280401402911
S3150400657836F6FF2106E63F0004F0FFDE150880DC48
S31504006588150740DC1704802C170440341509C0DCB1
S31504006598150600DC150FC0DF150E00DF150DC0DD6E
S315040065A8150C80DD150B40DD150A00DD3A88212817
S315040065B83A8827300E0440943A8825881704402CD4
S315040065C83A8827283A882130170280803A884794DF
S315040065D81504C0D8170140810E01C0104400402993
S315040065E800070640150580D8170400D91705C0D832
S315040065F83A8805213A888510040500193A888520C1
S31504006608150380D82E0580203A8805201703C0D89C
S31504006618150000100401801036FCFF103A88458CDA
S315040066283A8887940405C09D3A8885100405008431
S315040066383A88C7183A8885B8150000DC150280D848
S315040066483A88F9802E4380B8150100D9170000B995
S31504006658CCFF3F25261A00A01700C0DC170180DCF2
S315040066683A882B001700409C170000943A8809A022
S31504006678CCFF7F89004900403AD40A88CCFFFF80C2
S315040066883A88C7A83A8809A03A88E3103AD42080F9
S31504006698004900403AD406883A8805140401C09C87
S315040066A83A8887188D00C0900D0040943AD42A1869
S315040066B80401809436EB3F9F15004095170000B9F6
S315040066C83AD42A20261C00A8170100D9170000DD91
S315040066D83A882D001700C0243A8825203A8823983A
S315040066E8170000A43A8809A8040100A5CCFF7F81F5
S315040066F8004900403AD406883AD40A800D00C0946A
S315040067083A88C7B03A88E1108D0000943A8809A8F7
S315040067180401809400490040170040943AD420802C
S31504006728CCFFFF883A88C5103A88A7803AD42C98B3
S3150400673836EB3FA71500C094170280D80401C0BDE4
S315040067482E0480B81701C0D80401C0181501C0D892
S3150400675806BE3F00170400D90E0C00011703C0D863
S3150400676817FFBF1804FFFF182603001006070000CA
S31504006778170080181E050010170400D904FFFF1817
S31504006788C4FF3F21150400D91EF93F20170480D8F9
S315040067981705C0D8150480183A880518170FC0DFDE
S315040067A8170E00DF170DC0DD170C80DD170B40DD53
S315040067B8170A00DD1709C0DC170880DC170740DC58
S315040067C8170600DC0410C0DE3A2800F804FDFFDED4
S315040067D8150000DC44000004150180DC3A882528ED
S315040067E83A880B801502C0DF00070640150400141A
S315040067F8150580141702C0DF170180DC170000DCBA
S315040068080403C0DE3A2800F804F6FFDE150680DD28
S315040068181704802D150800DF1507C0DD150540DDB2
S31504006828150400DD1503C0DC150280DC1509C0DF7C
S31504006838150140DC150000DC3A882F283A883920EF
S315040068483A882B303A8829380405802C3A88270058
S31504006858170040943A880BA84400C09CCCFF3F8993
S31504006868004900403AD408883A8821153A880BA882
S31504006878004900403AD40880CCFF3F843A88051181
S315040068883A9406103AD428103A88071C1500C09082
S315040068980401809416EEBF9D260800A0170280B84E
S315040068A80E1380B03A8885B53A8885103A88C51596
S315040068B84400C0B0150500151504C0B83A8805B8D3
S315040068C81709C0DF170800DF1707C0DD170680DDC4
S315040068D8170540DD170400DD1703C0DC170280DC4A
S315040068E8170140DC170000DC040AC0DE3A2800F869
S315040068F8170140B93A8809E04400402900070640D0
S31504006908170480B9040340B9040300113A888D3189
S315040069183A888D31040280313A882310808D0540E7
S315040069283A880BB83A8809E000AF05403A882F88B8
S3150400693806DC3F0004FAFFDECC008030150400DDD7
S315040069481503C0DC150000DC1505C0DF150280DC64
S31504006958150140DC3A8821303A8827203A882928C4
S315040069681E2B0010BAD02580261B00901712009CF7
S315040069781E080080063000003A880B803A880D808D
S315040069883A8809982614009017008080261B001060
S315040069983A8821104C0080903A0005107AD0259048
S315040069A83A880D803A8809983A880BA01EF23F1057
S315040069B8005806403A880BA03A8809983A88231062
S315040069C800AF05403A8829883A880B803A880D80B2
S315040069D83A8809981EEC3F903A8805A01705C0DF47
S315040069E8170400DD1703C0DC170280DC170140DC3E
S315040069F8170000DC0406C0DE3A2800F800580640F2
S31504006A08150080803A8821101500001006E13F0021
S31504006A183A8885107400C1000446EE183A88851031
S31504006A283A88C51017FFBF113A880F00008106403F
S31504006A383A88291006CB3F003A880998449C4001B5
S31504006A48407D0640151280983A88211015000010DA
S31504006A5806D03F0004F9FFDE1503C0DC150280DC0E
S31504006A683A8827283A882520440240010402003936
S31504006A78150400DD150140DC1506C0DF150540DDEB
S31504006A88150000DC3A8829383A88233040770940CB
S31504006A984400C0000E3580183A880B003A88C71897
S31504006AA84400402916FDBF183A8809900007064095
S31504006AB83A881110170780D84400C00044028001A0
S31504006AC8150580401504C0400E2640343A88213006
S31504006AD83A88AB993A88059C0700C0113A880B4056
S31504006AE83A88099004F4FF3984028001008106403B
S31504006AF8440000843A8811101EF63F8C3A8845AC47
S31504006B0804FE7F113A880D880E0C00353AC885A113
S31504006B183A8821283A88A3280700C0813A880B4076
S31504006B283A88099004F4FF398402800100810640FA
S31504006B38440000843A8811101EF77F843A88054079
S31504006B481706C0DF170540DD170400DD1703C0DC90
S31504006B58170280DC170140DC170000DC0407C0DEDE
S31504006B683A2800F88402409906E73F003A880B0061
S31504006B7806CD3F0004F4FFDE150880DD150480DC2D
S31504006B88150340DC150BC0DF150A00DF1509C0DD47
S31504006B98150740DD150600DD1505C0DC150200DC09
S31504006BA83A8825283A8823303A882D2026C9002889
S31504006BB8802D0A4004FE3F94C402C08884058000E0
S31504006BC8170100822E1BC01004FEBF003A708E18EF
S31504006BD83A883938161A0038361940E404FF3F0152
S31504006BE83A7026411626C0993A882B803A882998FD
S31504006BF8040200843A880FA83AC80DA7C403800083
S31504006C0836C18011170180383A8849A54C0080108E
S31504006C183AB084A0150180381701C0205400C01862
S31504006C281501C0203A8809B0C02D0A403A88238045
S31504006C38060600000404C0013A8839382EE77FE4C2
S31504006C48040380003A882300150080B03A88058832
S31504006C58170BC0DF170A00DF1709C0DD170880DD28
S31504006C68170740DD170600DD1705C0DC170480DCAE
S31504006C78170340DC170200DC040CC0DE3A2800F8CF
S31504006C88740081000499AF10170240123A88CD8423
S31504006C983A882B8026B940321701403184FFBF0059
S31504006CA83A7084283A8885111701C0104C00C01818
S31504006CB83A00071826A300183A7008293A88299929
S31504006CC80EA3C0A14C0080401E55001017008080FA
S31504006CD83AC8AF801701C0B804FFBF003A708418D9
S31504006CE8262E003026B940323A88A9983A880925CA
S31504006CF8150000D9162AC021170380301702C030A0
S31504006D080409400104FFBF99150380181502C01031
S31504006D18170300B9170280B83A882BB8040200BCD6
S31504006D28150280201503001136E48029C404800066
S31504006D383A8809903A8811802E0F8011170080909E
S31504006D48040400BA04020091150280B81701C09021
S31504006D58C40680001503C0B82E0780111702C09018
S31504006D68040600BA040400911504C0B817038090F9
S31504006D78150580B826E7403117008020170000DD86
S31504006D883A880FB8150080401701C0201501C04085
S31504006D98170280201502804006973F003A88A99872
S31504006DA8161FC0A11703C0B8170280B804FFBF99FD
S31504006DB8040940013A882BB8150280181503C01037
S31504006DC8040200BC36C38029C40480003A880990AA
S31504006DD83A8811802E0F801117008090040400BA97
S31504006DE804020091150280B81701C090C4068000F9
S31504006DF81503C0B82E0780111702C090040600BAFE
S31504006E08040400911504C0B817038090150580B8CA
S31504006E1826C74031170080203A880FB806D93F00A4
S31504006E283A880B883A8809B0400B05403A882310FB
S31504006E38262500101701808084FFFF0004FE3F8981
S31504006E483A70C4103A8885802695802004FFBF9935
S31504006E580409C00136458039C40480003A8809907B
S31504006E683A880B882E0F80111700809004024089F7
S31504006E7804020091150080881701C090C40680009A
S31504006E881501C0882E0780111702C0900404408992
S31504006E98040400911502C08817038090150380889E
S31504006EA82691C03117008020150080281701C020BC
S31504006EB81501C02817028020150280283A880B90ED
S31504006EC83A8809B0C05204403A8809B0C02D0A402D
S31504006ED8065E3F003A880B30170BC0DF170A00DF3F
S31504006EE81709C0DD170880DD170740DD170600DD22
S31504006EF81705C0DC170480DC170340DC170200DC26
S31504006F08040CC0DE410B0540170180383A884BE56E
S31504006F18540000314C0080103AB00417150180382B
S31504006F28150100293A88872917018018040240297F
S31504006F383A8809B05400801015018018C0520440DC
S31504006F4806383F003A880D003A880900065D3F0076
S31504006F581702C030170380303A880F800402008471
S31504006F681502C0101503801806233F003A880988BD
S31504006F783A880B908097054006D03F001701803069
S31504006F880404C0E03A7008113A880599164DFF10B2
S31504006F983AC805173A880B875400801015018028CB
S31504006FA81701C080740081000499AF103A8809B0AB
S31504006FB84C00C0183AB0C6E0150240111501C0804D
S31504006FC8C02D0A400402408406203F003A88A99846
S31504006FD83A880925040480E0150100D91670BF20F3
S31504006FE81703C0B8170280B804FFBF990409400103
S31504006FF8150280181503C010040240BC36418029C6
S31504007008C40480003A8809903A880F882E0F8011A4
S31504007018170080900404C0B904020091150280B8D0
S315040070281701C090C40680001503C0B82E07801146
S315040070381702C0900406C0B9040400911504C0B828
S3150400704817038090150580B8264040311700802024
S31504007058150080381701C0201501C0381702802092
S31504007068150280381701C0D83A880BBF3A8809B088
S315040070783AC8051F54008010150180281701C0B8A6
S31504007088740081000499AF10150240114C00C01811
S315040070983AB0C6E01501C0B8C02D0A4006EB3E005A
S315040070A81701802004FFFF003A880F803A70C41045
S315040070B83A88A9980402008406CF3E003A880B90C1
S315040070C83A88098080970540170000DD3A880FB88A
S315040070D806C93E003A880B903A880980809705408D
S315040070E83A880FB806C43E001704C09004064089BF
S315040070F8040600911504C088170580901505808834
S3150400710806683F003A880B903A88098880970540B4
S3150400711806D43F001704C09004060091040800BA78
S315040071281506C0B817058090150780B806123F00E3
S315040071381704C09004060091040800BA1506C0B8DE
S3150400714817058090150780B806323F001704C090CB
S31504007158040600910408C0B91506C0B8170580903E
S31504007168150780B806B93F003A880D203AC80901C0
S315040071783AB08821FAD708203400A000C4FFBF100B
S315040071883A7044113AB0882034FC9F003AC8051175
S315040071983AC887003AB0C410FAD704104400C000AD
S315040071A83AC885183A2800F83A880D203AC80901D9
S315040071B83AB08821FAD708203400A000C4FFBF10CB
S315040071C83A7044113AB0882034FC9F003AC8051135
S315040071D8FAD704103A2800F804FDFFDE150000DC8F
S315040071E87400010404CA3B84150140DC15000080C0
S315040071F83A8823203A8809281502C0DFC0450A4080
S315040072083A880710C4FFBF00260680183A8805186E
S315040072181702C0DF170140DC170000DC0403C0DED8
S315040072283A2800F81700808026F83F101500808851
S315040072383A8805181702C0DF170140DC170000DC7E
S315040072480403C0DE3A2800F88F0340298159074011
S3150400725804FEFFDE150000DC3A8821288F03402946
S315040072681501C0DF008107403A880710C4FFBF0034
S31504007278260980180B0380801514C0801400841016
S315040072880D0380803A8805181701C0DF170000DC53
S315040072980402C0DE3A2800F80B038080CCFFBB103A
S315040072A80D0380803A8805181701C0DF170000DC33
S315040072B80402C0DE3A2800F80B03802804FBFFDE2C
S315040072C81503C0DC0C408010150280DC150140DC77
S315040072D8150000DC3A8827303A8825381504C0DFBB
S315040072E83A8821283A880D008400C0013A88232068
S315040072F8260200108F034029008107400B03808073
S315040073088F0340813A880988CCFFBB103A880D98C8
S315040073183A880F900D0380801704C0DF1703C0DC7A
S31504007328170280DC170140DC170000DC0405C0DE08
S315040073388145074004FEFFDE150000DC3A88212853
S315040073488F0340291501C0DF808807403A88071053
S3150400735816080010171480803A88C5101514808002
S315040073683A8805181701C0DF170000DC0402C0DEDE
S315040073783A2800F80B038080CCFFBB100D038080ED
S315040073883A8805181701C0DF170000DC0402C0DEBE
S315040073983A2800F83AB04421CC0080101E1D00108B
S315040073A83A880F2017008028170000213A880D28EC
S315040073B81E168020F4BF3F02C4BF3F423A88072204
S315040073C874206001042060293A7046193A30040191
S315040073D83A70C4101E1C00103A8813403A881128C3
S315040073E8060100001E1800180401C03917000039E8
S315040073F804018031170040313A8845223A70041254
S315040074083A3006013A70861826F67F213A880938F2
S315040074183A880B300700C0201E050018060600002F
S31504007428440000210700C020440040292602001811
S315040074380700802826FABF180300C0200300802806
S315040074483AC885183A2800F83A8805003A2800F810
S3150400745804FDFFDE150000DC7400010404CA3B8445
S31504007468150140DC150000803A8823203A8809284B
S315040074783A880B303A880D381502C0DFC04A0A40EC
S315040074883A880710C4FFBF00260680183A880518EC
S315040074981702C0DF170140DC170000DC0403C0DE56
S315040074A83A2800F81700808026F83F1015008088CF
S315040074B83A8805181702C0DF170140DC170000DCFC
S315040074C80403C0DE3A2800F804FEFFDE150040DC9B
S315040074D83A8823203A8809283A880B301501C0DFF0
S315040074E8004900403A880B103A880988400B054041
S315040074F83A8823100409C001260D001017FFFF104F
S315040075083A88091004FFBF003A7086183A88871823
S315040075183A880D183A880B003617C038C404800018
S315040075283608C01015020020150000201501002099
S315040075383A8805881701C0DF170040DC0402C0DE5C
S315040075483A2800F8C406800015000088150100884A
S31504007558040200892EF3FF1015020088150300881B
S31504007568040400891EEFFF1904060089150400881F
S315040075781505008806EB3F0080A505403A8805886E
S315040075881701C0DF170040DC0402C0DE3A2800F801
S3150400759804FDFFDE150000DC7400010404CA3B8404
S315040075A8150140DC150000803A8823203A8809280A
S315040075B81502C0DFC0EF09403A880710C4FFBF00B0
S315040075C8260680183A8805181702C0DF170140DC1A
S315040075D8170000DC0403C0DE3A2800F81700808090
S315040075E826F83F10150080883A8805181702C0DF68
S315040075F8170140DC170000DC0403C0DE3A2800F853
S3150400760804FCFFDE150140DC150000DC1503C0DFB1
S31504007618150280DC3A8821283A882320262900285E
S315040076284016044026020088170E8088262D00106E
S315040076380F038080262200103A8809883A880B802E
S31504007648C0ED03403A882510170B808026040010E5
S31504007658170740813A8809883AE83E10162A001026
S315040076680B0380800C2080101E230010170C408109
S315040076782605002804108080260280283A8809886E
S31504007688C0520440150C00801711408126030028B7
S315040076983A880988C0520440151100800D030080F9
S315040076A8801604403A8805901703C0DF170280DC69
S315040076B8170140DC170000DC0404C0DE3A2800F891
S315040076C8801604403A8825003A8805901703C0DFD7
S315040076D8170280DC170140DC170000DC0404C0DE56
S315040076E83A2800F83A880988401704400F0380802E
S315040076F81ED13F1006F23F00170440813A880988D4
S31504007708C052044006D93F00C4FFBF0406D43F0054
S3150400771874008100041DB5103A880B201700001167
S315040077288160074004FDFFDE150000DC74000104D7
S3150400773804CA3B84150140DC150000803A882320DE
S315040077483A8809283A880B301502C0DF40FE0940FA
S315040077583A880710C4FFBF00260680183A88051819
S315040077681702C0DF170140DC170000DC0403C0DE83
S315040077783A2800F81700808026F83F1015008088FC
S315040077883A8805181702C0DF170140DC170000DC29
S315040077980403C0DE3A2800F804FDFFDE150000DC09
S315040077A87400010404CA3B84150140DC15000080FA
S315040077B83A8823203A8809281502C0DF80070A4038
S315040077C83A880710C4FFBF00260680183A880518A9
S315040077D81702C0DF170140DC170000DC0403C0DE13
S315040077E83A2800F81700808026F83F10150080888C
S315040077F83A8805181702C0DF170140DC170000DCB9
S315040078080403C0DE3A2800F804FDFFDE150000DC98
S315040078187400010404CA3B84150140DC1500008089
S315040078283A8823203A8809283A880B303A880D384A
S315040078381502C0DF401D0A403A880710C4FFBF007E
S31504007848260680183A8805181702C0DF170140DC97
S31504007858170000DC0403C0DE3A2800F8170080800D
S3150400786826F83F10150080883A8805181702C0DFE5
S31504007878170140DC170000DC0403C0DE3A2800F8D0
S3150400788804FDFFDE150000DC7400010404CA3B8411
S31504007898150140DC150000803A8823203A88092817
S315040078A83A880B303A880D381502C0DF002E0A4094
S315040078B83A880710C4FFBF00260680183A880518B8
S315040078C81702C0DF170140DC170000DC0403C0DE22
S315040078D83A2800F81700808026F83F10150080889B
S315040078E83A8805181702C0DF170140DC170000DCC8
S315040078F80403C0DE3A2800F804F1FFDE3A881500CE
S315040079083A8805203A881130150D00DF150A40DD3E
S315040079181508C0DC150EC0DF150CC0DD150B80DD9F
S31504007928150900DD150780DC150640DC150500DCA5
S31504007938150380DA3A8827403A8839103A882B287A
S31504007948150480DA1E4000383665002A26B500403C
S31504007958D4FFBF0036ADC014C43F8000365EC114E0
S315040079683A880B003A8805003AD8849874000101CD
S31504007978044E2E21040880013A8805110300C0101C
S315040079883A88C7283AC8E9301E0A01A03AD42E987C
S315040079983AC8EBACCCFFBF9D440000053A8809A859
S315040079A83A880BB8408309403A880B103A8809B0DC
S315040079B83A882110004900403A8809A83A880BB841
S315040079C83A882310C08309403A9404103AD406E04E
S315040079D83AB0C4102E0440143A88C514C4FF3F8430
S315040079E83601C014365C41143AC863143A880988C7
S315040079F83A880BB8408309403A880B103A8809B08C
S31504007A083A882B10004900403A8809883A880BB806
S31504007A183A882510C08309403A940410CCFFFFE045
S31504007A283AB0C4102E0480143A888598C4FF7FADF2
S31504007A383601C014363C81143A9404803A8809A065
S31504007A483AB084A8061500003A880D38366CC02961
S31504007A58D4FFBF003664C011C43F80003618C11174
S31504007A683A880B003A8805003AD884307400010134
S31504007A78044E2E210408C0013A8805110300C010DB
S31504007A883A88C7283AC8ED381E7300B0360140351F
S31504007A98365BC0E4440080003A880900150380D8A0
S31504007AA8170340D93A880720150400D93A880528C7
S31504007AB8170EC0DF170D00DF170CC0DD170B80DDAE
S31504007AC8170A40DD170900DD1708C0DC170780DC34
S31504007AD8170640DC170500DC040FC0DE3A2800F858
S31504007AE8D4FFBF0036560012C43F80003600011288
S31504007AF83A880B003A8805003AD88498740001013C
S31504007B08044E2E21040880013A8805110300C0108A
S31504007B183A88C7283AC8CB30260600283AC84531D9
S31504007B283AD884E03A9846A93A9878E13A98669910
S31504007B383AB0AA183AD42E983A8809A8CCFFBF9C1A
S31504007B483A880BB8408309403A880B103A8809905A
S31504007B583A882110004900403A8809A83A880BB89F
S31504007B683A882310C08309403A9404103AD406E0AC
S31504007B783AB0C4102E0440143A88C514C4FF3F848E
S31504007B883601C01436EA40143AC863143A88098898
S31504007B983A880BB8408309403A880B103A8809900A
S31504007BA83A882B10004900403A8809883A880BB865
S31504007BB83A882510C08309403A940410CCFFFFE0A4
S31504007BC83AB0C4102E0480143A888598C4FF7FAD51
S31504007BD83601C01436D980143A9404803A880900C8
S31504007BE83AB084A806AD3F0034408000C4FFBF10F5
S31504007BF836B6C011040440013A880528069A3F009F
S31504007C083A8805003A88090006A43F0034408000F3
S31504007C18C4FFBF1036B3C014040440013A880528CB
S31504007C2806513F00440000013A880B00408309408E
S31504007C383A882710D4FFBF0036F4FF1406463F00DF
S31504007C4834408000C4FFBF1036AC0012040440015F
S31504007C583A88052806A83F003AC8853D3A988835E3
S31504007C683AD886983AD8A2A83AD884E03AB0EE2008
S31504007C783AD424B83A9886AD3A8809883A880B9053
S31504007C883AB086181501C0D8CCFF3FBC40830940DA
S31504007C983A880B103A8809803A8829100049004026
S31504007CA83A880B903A8809883A882B10C083094089
S31504007CB8170140D93A9404103A98A69D3AD406284E
S31504007CC83AB0C4102E0340153A88C515C4FF3FA51B
S31504007CD82E91C0153AC863153A8809883A880B90D4
S31504007CE8408309403A880B103A8809803A882B1051
S31504007CF8004900403A8809883A880B903A88211046
S31504007D08C0830940170180DA3A940410CCFFFF5067
S31504007D183AB0C6102E03001C3A88C71DC4FF7FADAF
S31504007D282E79C01D3A9404A03AD42E98CCFFFF9C11
S31504007D383AB0A4A8CCFF7F943AD42A903A88098802
S31504007D483A880B983AC8211C004900403A880988A1
S31504007D583A880BB83A882910004900403A880B98A3
S31504007D683A8809A83A882310004900403A8809A89D
S31504007D783A880BB83A882710004900403A8809100F
S31504007D883AD404A03A88E38C3A8847142E02C01CD5
S31504007D98740080003A8889203AD404183A888520E1
S31504007DA836448080263E80803A8805903A880900C1
S31504007DB8063A3F003A98269D3AC805353AD8A2A805
S31504007DC83AD42E983AD884E03A9806AD3A8809887F
S31504007DD83A880BB83AB086181500C0D8CCFFBF9DB0
S31504007DE8408309403A880B103A8809B0150280D8AE
S31504007DF8004900403A8809883A880BB83A882B1013
S31504007E08C0830940170000D93A9404103AD40620CE
S31504007E183AB0C4102E054015170240D93A88C5143D
S31504007E28C4FF7F29150240D92E46C0143AC86315E3
S31504007E383A8809883A880BB8408309403A880B106F
S31504007E483A8809B03A882510004900403A880988D2
S31504007E583A880BB83A882110C0830940170080DA9B
S31504007E683A940410CCFFFF503AB0C6102E06001CF4
S31504007E783A88C71CC4FFBF943603C01C2E02001CD4
S31504007E88C4FFBF943A88C71C170200D93A9838E544
S31504007E983AC82B1C3A9404203AB0A89006BF3E0070
S31504007EA83A9404183A9888E5CCFFFFA03A88C51096
S31504007EB82EBDBF20C4FFBF903A88090006F73E00CE
S31504007EC8040240013A88052806E73E0004064001F4
S31504007ED83A88052806E43E00040240013A88052843
S31504007EE806A13E00040640013A880528069E3E007F
S31504007EF8040240013A88052806FF3E0004064001AC
S31504007F083A88052806FC3E002E863F1C3A88C71D7B
S31504007F18C4FF7FAD06833F002E6E7F15C4FF3FA5C1
S31504007F283A88C515066B3F00C4FF7FAD06C23E00FE
S31504007F38C4FF3F843A88C51406133F00C4FF7FADC7
S31504007F4806253F002EB97F15C4FF7F293A88C51434
S31504007F58150240D906B53F00C4FF3F843A88C514C4
S31504007F6806A13E0004F0FFDE3A8811303A880D0077
S31504007F78150B40DD1509C0DC150600DC150FC0DF3E
S31504007F88150E00DF150DC0DD150C80DD150A00DDA4
S31504007F98150880DC150740DC3A881728150480D9AB
S31504007FA83A882740150580D93A8821203A882B280B
S31504007FB81E2C00383656002A269A0040D4FFBF00E5
S31504007FC83692C014C43F8000365CC1143A880B004C
S31504007FD83A8805003AD8849874000101044E2E2183
S31504007FE8040880013A8805110300C0103A88C72896
S31504007FF83AC8E5301EA400903AD42E983AC8EBAC99
S31504008008CCFF3F9D3A882D003A8809A83A880BB8D0
S31504008018408309403A880B103A8809A00049004071
S315040080283A8809A83A880BB83A882310C0830940C5
S315040080383A9404103AD406803AB0C4102E03401475
S315040080483A88C5143601C014365841143AC863141C
S315040080583A8809883A880BB8408309403A8809A0BF
S31504008068065300003A880D382E13C029150400D982
S31504008078150540D9170440D93A8813583A8811285F
S315040080883A8805403A880748170FC0DF170E00DFFD
S31504008098170DC0DD170C80DD170B40DD170A00DD50
S315040080A81709C0DC170880DC170740DC170600DC54
S315040080B80410C0DE3A2800F8D4FFBF003666C011A3
S315040080C8C43F80003620C1113A880B003A8805005F
S315040080D83AD8843074000101044E2E210408C001E4
S315040080E83A8805110300C0103A88C7283AC8E53803
S315040080F81E940090365E40352E5DC0843A88118001
S315040081083A8813A8150400DC150540DD06DC3F0093
S31504008118D4FFBF00364A0012C43F8000360D011250
S315040081283A880B003A8805003AD884987400010105
S31504008138044E2E21040880013A8805110300C01054
S315040081483A88C7283AC8C7301EDC00183A882D0072
S315040081583AD42E983A8809A8CCFFBF9C3A880BB81B
S31504008168408309403A880B103A8809900049004030
S315040081783A8809A83A880BB83A882310C083094074
S315040081883A9404103AD406803AB0C4102E03401424
S315040081983A88C5143601C014360241143AC8631421
S315040081A83A8809883A880BB8408309403A8809907E
S315040081B83A880B10004900403A8809883A880BB86F
S315040081C83A882B10C08309403A940410CCFFFF80E8
S315040081D83AB0C4102E0440153A88C5143602C014A1
S315040081E82E0140153A88C5143AC845153AD8841557
S315040081F83A881300150480D81704C0D83A880500AD
S31504008208150580D83A881118069D3F003440800029
S31504008218C4FFBF1036C6C014040440013A880528B2
S31504008228066C3F00440000013A880B00408309406D
S315040082383A882710D4FFBF0036F4FF1406613F00BE
S3150400824834408000C4FFBF1036C500120404400140
S315040082583A88052806B43F0034408000C4FFBF109E
S3150400826836C2C011040440013A88052806983F001E
S315040082783AC8C9843A8005813AC887A93AC8AB1866
S315040082883A882120069D3F003A98A69C3AC8853428
S315040082983AD8A2A83AD42E983A9886AC3AD8848082
S315040082A83A8809883A880BB83AB0B818CCFF3F9D83
S315040082B8408309403A880B103A8809A000490040CF
S315040082C83A8809883A880BB83A882B10C08309403B
S315040082D83A9404103AD406E03A882D903AB0C41079
S315040082E82E0240153A88C5142EABC0143AC8631535
S315040082F83A8809883A880BB8408309403A880B10AB
S315040083083A8809A0004900403A8809883A880BB88F
S315040083183A882B10C08309403A940410CCFFFFE036
S315040083283AB0C4102E0440153A88C5143602C0144F
S315040083382E0140153A88C5143A98A0843AC86B1594
S3150400834806313F003AC88F3C3A9886343AD8C499DD
S315040083583AD8E2A93A988CAC3AB0AC183AD42EB0CA
S315040083683AD8C4813A8809883A880BB83AB08C3026
S315040083781503C0D9150280D9CCFF3FB540830940FF
S315040083883A880B103A8809A03A88391000490040FF
S315040083983A8809883A880BB83A882B10C08309406A
S315040083A8170200D93A9404103A98A69C3AD406209F
S315040083B83A98A0841500C0DC3AB0C410150100DC54
S315040083C82E0340153A888515C4FF3FE72E6E80159F
S315040083D83AC863153A8809883A880BB8408309402D
S315040083E83A880B103A8809A03A88211000490040B7
S315040083F83A880BB83A8809883A882910C08309400C
S31504008408170240D93A940410CCFFFF283AB0C41096
S315040084182E0300153A888515C4FF3F842E56801509
S31504008428170080D93A9422E03AD42E303AB06284BE
S31504008438CCFFFF343AD42A88CCFF7F8C3A88098843
S315040084483A880B983AC82115004900403A880988A1
S315040084583A880BB83A882910004900403A880B989C
S315040084683A8809A83A882310004900403A8809A896
S315040084783A880BB83A882710004900403A880B1006
S315040084883AD404A03A88E38C3A8849142E02C024C4
S31504008498740080003A888B283AD404203A94082039
S315040084A8CCFFFFA03A888D283A88C920360B8081EC
S315040084B8264080813AC88D81060F00003AC8C53027
S315040084C83A882D183AD884803A98C6A83A98A69D28
S315040084D83A98A0853AB0AA18061D3F001700C0D8D6
S315040084E83AC8C5203A8089203AC887353AC8071950
S315040084F83AC8CD803A880910170140D93AC80529DF
S315040085083A8087283AC8C730170380D93AD88414DA
S315040085183A9888193AD8861C3AB088203A8811209D
S315040085283A881318150400D91505C0D806D43E0090
S31504008538040640013A88052806A63E0004024001BE
S315040085483A88052806A33E00040240013A8805280D
S3150400855806DF3E00040240013A88052806F23E007A
S31504008568040640013A88052806EF3E000406400141
S315040085783A88052806D63E002EA93F15C4FF3F842F
S315040085883A88851506A63F002E917F15C4FF3FE756
S315040085983A888515068E3F002E547F153A88C514E9
S315040085A806523F003A88C51406FC3E003A88C514AC
S315040085B806A63E00170180D836C83F113A880D0032
S315040085C806CD3F0004F8FFDE1503C0DC3A882720F1
S315040085D8170000214400C000150540DD150400DD20
S315040085E81507C0DD150680DD150280DC150140DCA3
S315040085F8150000DC3A882B283A8829302E6300199E
S31504008608170080282E8180180401C00026DCC020AB
S31504008618267EC0108400C0002667C010267BC020B2
S315040086281702C09D1702C0281703409C1703C02BC6
S315040086383AC8CDB81704809C1704002C3A88093028
S3150400864816970030C40F8000166B80110EA4000123
S3150400865804F8BF3516BC00B03AD896853A8819008E
S315040086683A881300440000013A88150016BE00B083
S315040086783A9890253A880F00C4FFBF003A8889388B
S315040086883A888B403A80CD213A884B313A7004793E
S315040086983A7046813AB0C4102602001044004002DB
S315040086A83A8815003AB05E5A3AB0A0621701409962
S315040086B8170180A8266E8028266600283AC8457CB5
S315040086C83A8089783AC887843AC809193A880D10CD
S315040086D83A880F20167700381502C0A51504C0A1DC
S315040086E8150100A0150380A1170300A2170440A2D0
S315040086F8C4FFBF003A888B403A80092A3A888D48D5
S315040087083400C401C4FFFF393A888D2136178039ED
S315040087182665C031170200A33A880942C4FFBF0080
S315040087283A800F223A884B4A3A884F393A88952034
S315040087383A8897383A800D513A8899603A88D732F8
S3150400874834008400C4FFBF103A8811203A881338CD
S31504008758150300A11504C0A1150200A33603C0120F
S315040087681EEDBF5884FFBF002EEBBF12170480A26C
S31504008778C40080003400C800C4FFFF18170340A2D1
S31504008788150080A03623801A3A8827A03A880598C7
S315040087981707C0DD170680DD170540DD170400DD61
S315040087A81703C0DC170280DC170140DC170000DC65
S315040087B80408C0DE3A2800F81EF4FF20150000312C
S315040087C817018098150180301702C0981502C03029
S315040087D817038098150380301704C0981504C03011
S315040087E8170180981701C0283A8827303A70C410B0
S315040087F81501803006E53F001626C01D3A88230079
S315040088083A882F183A88250006A83F003A8827A8E8
S3150400881806DE3F0044008001FA9704507AD00848DF
S315040088283AD88A51170200A23AB008113A880700C2
S315040088383A7084493AB08C203AB0CE2844000042B3
S315040088483A8827A01504C0A1150200A2150380A121
S3150400885806CE3F003AC8C58B3A8089883AC8079439
S315040088683AC809193A880D103A880F2006993F0024
S315040088783A88457C3A80C9133A8887843A88C92055
S31504008888150140A11502C0A5150380A0150400A171
S3150400889806B63F003A881F003A88210006833F003F
S315040088A83AC88D0106673F0084FFBF0036AF7F11C3
S315040088B806983F003A8805003AC889113A80051196
S315040088C83AC8CB013AC8852844008001150180A11D
S315040088D81502C0A5150300A1150480A006823F0051
S315040088E826723F2004F8BF353A88AFB9163100B06E
S315040088F83AD89A953A881D003A880F004400000130
S315040089083A881100162500B03A9894253A88130037
S31504008918C4FFBF003A8889483A888B503A804D226A
S315040089283A884B313A7004893A7046913AB0C41081
S31504008938260200104400C0013A8811003AB0E269E0
S315040089483AB0247206593F003A880784C40780005F
S315040089583AC885113A9886183AD896793AD89881B1
S315040089683AB0D61A063E3F007AD00620C4078000DD
S315040089783AC885113AD890183A988E21063E3F008F
S315040089881E823F111701C02817018098267FFF1001
S315040089987400C1040449EE9C067C3F007AD0062084
S315040089A8C40780003AC885113AD894183A9892218F
S315040089B806D73F003A888794C40780003AC88511C9
S315040089C83A9886183AD89A893AD89C913AB05A1B52
S315040089D806C93F0004EAFFDE1514C0DC0404C0DC43
S315040089E83A8811203A881328151340DC3A8809D89E
S315040089F83A880B98040940DC1515C0DF150140DADE
S31504008A081503C0D9150000DA150280D9C0CF09406C
S31504008A18040200D93A880B88C0CF0940170A80D8BF
S31504008A283A880B883A880998040E80D95C00801025
S31504008A38150A80D8C05C08403A880910809E094007
S31504008A481715C0DF1714C0DC171340DC0416C0DE84
S31504008A583A2800F804EAFFDE1514C0DC0404C0DC76
S31504008A683A8811203A881328151340DC3A8809D81D
S31504008A783A880B98040940DC1515C0DF150140DA5D
S31504008A881503C0D9150000DA150280D9C0CF0940EC
S31504008A98040200D93A880B88C0CF0940040E80D94D
S31504008AA83A8809983A880B88C05C08403A880910BD
S31504008AB8809E09401715C0DF1714C0DC171340DC65
S31504008AC80416C0DE3A2800F804E0FFDE151840DC78
S31504008AD8040440DC3A8811203A881328151700DC68
S31504008AE83A8809D83A880B88040900DC151FC0DFC0
S31504008AF8150140DA1503C0D9150000DA150280D924
S31504008B08151EC0DD151D80DD151C40DD151B00DD99
S31504008B18151AC0DC151980DCC0CF0940040200D937
S31504008B283A880B80C0CF0940170400D94400800056
S31504008B382E1000111709C0D82E06C0100401800093
S31504008B48260A802026CC80188400800026098020E6
S31504008B581E198018170AC0D8170580D83A880980BC
S31504008B683AC0C410150A80D806070000840080009D
S31504008B7826C38018170580D8170AC0D83A880988E2
S31504008B883AC0C410150580D8809E0940171FC0DF57
S31504008B98171EC0DD171D80DD171C40DD171B00DD01
S31504008BA8171AC0DC171980DC171840DC171700DC05
S31504008BB80420C0DE3A2800F8170780DD170C80DC8D
S31504008BC83A882B003A8823003A880BA83A880DB0CD
S31504008BD83A880F881708C0DD170DC0DC3A88099053
S31504008BE8408409403A881B003A880F683A8809B0D5
S31504008BF83A880B003A880D983A882DB83A882F0097
S31504008C08151640DB151380D81514C0D81515C0DC05
S31504008C18408409403A880DB03A880B003A8809908E
S31504008C283A880FB83A8821103A88231840840940AC
S31504008C383A8885803A800D143A88C7883A88CD30B0
S31504008C483A8829103A882B30171380DA1714C0DAB1
S31504008C58171500DB171640DB2E6140343A880900E5
S31504008C683A8805513A808D123A88075D3A88CD309C
S31504008C783A882100440040043A8825103A88273067
S31504008C883662C032267A80593A880B683A880FB811
S31504008C983A8809603A880DB0408409403A88091030
S31504008CA83A880F003A8845153A8011113A88C71947
S31504008CB83A88C7403A88CB881706C0D83A88898044
S31504008CC8170B80D80401C0183A800D243A88C710B7
S31504008CD83A881320170A80D8170500D93A884D31DF
S31504008CE83A8815303AC0882034008800C4FFBF107B
S31504008CF8150F00D91510C0D82E1680113A881118E8
S31504008D083A881F10FA9704987AD01690FA9706505C
S31504008D187AD00C487AD00E503AB0D6124400800065
S31504008D283AB08C193A7088487AD018983A881B0051
S31504008D383400A0033A8813303A8815383A889140A3
S31504008D48260200203AB0645B3AB0A66336EDBF7AD1
S31504008D58151000DA34008400C4FFBF1036148012DC
S31504008D68171000DA3A881F103A88454A3A804D1295
S31504008D783A8887523A8897943A808F5C3A88D99C7D
S31504008D88440000013A88CD303A880F3BC4FF3F427D
S31504008D983A8813103A8815303AB01A1116300098E2
S31504008DA83A8825583A8827382EEFBF7A151000DAFC
S31504008DB8C43F80003A708E48042080003A88070031
S31504008DC83A88110026188038C4008000040E00D999
S31504008DD8151280DA150E80D8151140DA066A3F0096
S31504008DE8262180893A8809003A8805513A808D12E5
S31504008DF83A88075D3A88CD303A8821003A882300B4
S31504008E083A8825103A8827302E9EFF32440080007F
S31504008E183A8889803A800D243A884D343A88212044
S31504008E283A88233006983F001EE73F400440000175
S31504008E383A7004493AB0C4101EE33F103AB0C494D9
S31504008E4826E13F103A88C5493A8051123A88914238
S31504008E5804C03F013A7012113A88154006DA3F00F9
S31504008E683A88136806CE3F00367C3F1406DD3F0079
S31504008E782E85BF1206E53F00840080001E35BF20FC
S31504008E887400010104492E21063F3F0004EDFFDE6C
S31504008E981511C0DC0404C0DC3A8811203A8813286A
S31504008EA8150E00DC3A8809D83A880B98040900DCC0
S31504008EB81512C0DF150140DA1503C0D9150000DA0A
S31504008EC8150280D9151080DC150F40DCC0CF094087
S31504008ED8040200D93A880B80C0CF0940170400D988
S31504008EE8440080002E0B0011170940D92E76401134
S31504008EF8170580D8170AC0D8040180013AF0C410AF
S31504008F08150580D826028021840080001E1480203E
S31504008F18260900293A880998809E09401712C0DF55
S31504008F281711C0DC171080DC170F40DC170E00DCA5
S31504008F380413C0DE3A2800F87400010104492E21FE
S31504008F48809E09401712C0DF1711C0DC171080DC99
S31504008F58170F40DC170E00DC0413C0DE3A2800F8AD
S31504008F68265B8029262D80281706C0D8170B80D89B
S31504008F781708C0D9170D40DC3AC88B18170780D9CB
S31504008F88170C00DC150640D93638403C2636C0890D
S31504008F983A8815003A881D003400C4023A881F002E
S31504008FA83A883F00440F8004060F00003A881D6083
S31504008FB83A881F683A880D403A880F103A889131E2
S31504008FC87AD008583A8085413A88D3393AB0C628BF
S31504008FD83A8845123A8815183A8817203A880D406F
S31504008FE83A880F10261780FCFA970A587AD0065042
S31504008FF84400C0FF36F17F3C3AC811343A80053242
S315040090083AC8533C3AB098723AB0DA7A3AC88548BC
S315040090181EE6FF8936E93F3406E43F003A88099894
S31504009028150480D9809E09401712C0DF1711C0DCC9
S31504009038171080DC170F40DC170E00DC0413C0DEA3
S315040090483A2800F8C43F80003A70907004208000E3
S315040090583A8807003A881300260D80401508C0DBB5
S31504009068150780DB06AB3F002EC93F343A888531A5
S315040090783A8089113A88C7393A88C920C4FF7F29B2
S315040090883A880D103A880F20150640D906C03F00C5
S315040090981EF23F48044000013A7004713AB0C41005
S315040090A81EEE3F103AB0C43126EC3F103A880572DA
S315040090B83A8091133A88D14304C03F013A701C118F
S315040090C83A881F4006E53F003A88098006923F0021
S315040090D83A880998150700D8150800D8150600D83F
S315040090E8068D3F0004EFFFDE150F40DC040440DC68
S315040090F83A8805203A880728150E00DC3A8809D8E4
S315040091083A880B88040900DC1501C0D8150080D8F4
S31504009118150280D91510C0DF1503C0D9C0CF094080
S31504009128040200D93A880B80C0CF0940170480D8B6
S315040091384400C0003A880D182E068018170980D8EE
S315040091483A8809883A880B802E02801840E3094039
S315040091583A880D103A8805301710C0DF170F40DC1F
S31504009168170E00DC0411C0DE3A2800F804EFFFDE0F
S31504009178150F40DC040440DC3A8805203A880728A1
S31504009188150E00DC3A8809D83A880B88040900DCED
S315040091981501C0D8150080D8150280D91510C0DF6E
S315040091A81503C0D9C0CF0940040200D93A880B80F8
S315040091B8C0CF0940170480D84400C0003A880D1867
S315040091C82E068018170980D83A8809883A880B80A9
S315040091D82E02801840E309403A880D103A88053073
S315040091E81710C0DF170F40DC170E00DC0411C0DEB1
S315040091F83A2800F804EFFFDE150F40DC040440DCCF
S315040092083A8805203A880728150E00DC3A8809D8D2
S315040092183A880B88040900DC1501C0D8150080D8E3
S31504009228150280D91510C0DF1503C0D9C0CF09406F
S31504009238040200D93A880B80C0CF0940170480D8A5
S315040092484400C000C4FFBF012E068018170980D841
S315040092583A8809883A880B802E02801840E3094028
S315040092683A880D103A8805301710C0DF170F40DC0E
S31504009278170E00DC0411C0DE3A2800F804EFFFDEFE
S31504009288150F40DC040440DC3A8805203A88072890
S31504009298150E00DC3A8809D83A880B88040900DCDC
S315040092A81501C0D8150080D8150280D91510C0DF5D
S315040092B81503C0D9C0CF0940040200D93A880B80E7
S315040092C8C0CF0940170480D84400C000C4FFBF01BA
S315040092D82E068018170980D83A8809883A880B8098
S315040092E82E02801840E309403A880D103A88053062
S315040092F81710C0DF170F40DC170E00DC0411C0DEA0
S315040093083A2800F804EFFFDE150F40DC040440DCBD
S315040093183A8805203A880728150E00DC3A8809D8C1
S315040093283A880B88040900DC1501C0D8150080D8D2
S31504009338150280D91510C0DF1503C0D9C0CF09405E
S31504009348040200D93A880B80C0CF0940170480D894
S315040093584400C0003A880D182E068018170980D8CC
S315040093683A8809883A880B802E02801840E3094017
S315040093783A880D103A8805301710C0DF170F40DCFD
S31504009388170E00DC0411C0DE3A2800F8FAD70620C6
S3150400939804F6FFDEC40080001509C0DF1508C0DC2A
S315040093A8150780DC150640DC150500DC150080D899
S315040093B81501C0D81E0F002084008000150080D82F
S315040093C83A8809D8809E09403A8809103A880B18C1
S315040093D83A8805203A8807281709C0DF1708C0DC29
S315040093E8170780DC170640DC170500DC040AC0DE14
S315040093F83A2800F8040F80003A000718150280D8A6
S31504009408261100183A8827003A882520150300D91A
S315040094181504C0DC80960940440700110EE83F0194
S3150400942844FFBF10160C00103A98A2903A882100FF
S31504009438170280D8150440DC150300DC3AC8051168
S31504009448150280D806DE3F003400A000260A8020D4
S315040094583AC8090106EB3F007AD00690C407800093
S315040094683AC805113AD886183A9822993A98209112
S315040094783AB0621C06EE3F003A8809003478700157
S3150400948806D33F0004F8FFDE3A8805203A88072801
S315040094983A8809D8040240D91501C0D8150080D8DD
S315040094A81507C0DFC0CF09401702C0D88400800062
S315040094B81E0580183A8807003A8805181707C0DF7A
S315040094C80408C0DE3A2800F8440080002EF9FF108C
S315040094D804018000260480181704C0D816F53F181E
S315040094E8840780000E08C010170380D81E120010C7
S315040094F83400E000C4FFFF183A8805181707C0DFD0
S315040095080408C0DE3A2800F8040F80003AC8D110CF
S3150400951804F8BF40170580D91706C0D916080010E5
S315040095283AD88838170380D83A88072026E23F10A5
S315040095383AC8070106E03F003400E00006DE3F00B3
S315040095483A88C739C40780003AC805123A98861873
S315040095583AD808323AB0081906F23F0004F2FFDE98
S31504009568150DC0DF150CC0DD150B80DD150A40DDB1
S31504009578150900DD1508C0DC150780DC150640DC76
S31504009588150500DC150100D81E0F00208400800094
S31504009598150080D83A8809D8809E0940170DC0DF7F
S315040095A8170CC0DD170B80DD170A40DD170900DD2F
S315040095B81708C0DC170780DC170640DC170500DC33
S315040095C8040EC0DE3A2800F8C4008000040FC00068
S315040095D83A882F003A882D20150080D81502C0D85D
S315040095E8150300D91504C0DD8096094044074012C6
S315040095F8160B004826E73F4844FFBF10162E0010F6
S315040096083A98A2B03A882100170280D8150440DC9B
S31504009618150300DC3AC84512150280D806DD3F005A
S315040096283AC8550204F8BF51161B00303AD8A8B9EF
S315040096383A882B003A880F00440000013A88110042
S31504009648162500303A98A6213A882500C4FFBF009B
S315040096583A8889903A888B983A808D243A884B318F
S315040096683A7004B13A7046B93AB0C41026020010EA
S315040096784400C0013A881100170200D93AB0C4A1BF
S315040096883AB006AA3AC849221504C0D8150200D920
S31504009698150380D806BF3F003A88C7BDC4078000B3
S315040096A83AC885123A9886183AD8A8B23AD8AABABD
S315040096B83AB0281D06DF3F007AD006B0C4078000FA
S315040096C83AC845123AD886183A9862BA3A9860B2AD
S315040096D83AB0621C06CC3F007AD00620C407800044
S315040096E83AC885123AD8A6183A98A42206D73F004B
S315040096F82E1B0029161A0028440080003A88070001
S31504009708C407C001060300002613C0194400C01884
S31504009718160400283A884B293A88851036FA3F29D0
S31504009728260D00103A880700360240213AC8492116
S315040097383AB086187AD004107AD00A281EFA3F104E
S31504009748260200303A8805203A2800F83A8809188B
S315040097583A8805203A2800F83A88070006F83F00B0
S31504009768440080003A88070006EF3F0004FEFFDE47
S31504009778150000DC1501C0DF3A882100160C00200C
S315040097883A880D00160E0028806F09403A8807109B
S315040097983A0005801E0100103AC8C7003A88051821
S315040097A81701C0DF170000DC0402C0DE3A2800F8FF
S315040097B83AC80901440000043A880D000EF23F280D
S315040097C83AC84B013A00218006EF3F0004FFFFDE4A
S315040097D81500C0DF440080013A88072816040020D3
S315040097E8160C00281700C0DF0401C0DE816F09408B
S315040097F83AC80901160B00283A880B184400800158
S31504009808806F09403AC885001700C0DF0401C0DE2E
S315040098183A2800F83AC84B011700C0DF0401C0DE35
S31504009828816F09403AC8470106F33F003A880D009C
S31504009838816F094044008001816F094004F2FFDE0C
S31504009848150C00DF3AD43830150800DD150540DC60
S315040098583AD42820CCFF7F24150400DCCCFF3F34FF
S315040098681507C0DC150000D93A8827283A880988DC
S31504009878150140D93A880B80150280D9150DC0DF29
S315040098881503C0D9150A80DD150940DD3A882D303F
S31504009898150BC0DD150680DC004900403A880988A6
S315040098A83A880BE03A882B10004900403A880B8026
S315040098B83A8809A03A882310004900403A8809A042
S315040098C83A880BE03A88211000490040CCFFFFA8EB
S315040098D83AD42AA83A88238C3A8811103A886BAC69
S315040098E83A9404A83A8809B03A880B983A88C71073
S315040098F83AD412A83A880D182E0200AC74008000D7
S315040099083A8891403A8867423A882D30004900409F
S31504009918170340D9170000D93A8823100049004094
S315040099283A88CB143A884B893A8805B03A88072886
S31504009938170DC0DF170C00DF170BC0DD170A80DD13
S31504009948170940DD170800DD1707C0DC170680DC99
S31504009958170540DC170400DC040EC0DE3A2800F8BC
S31504009968D4FFBF00360E0011C43F80000402400134
S315040099783A880700361000113A880B003AD8C620F0
S3150400998874008100044EAE103A88871803008018C4
S315040099980408C0003A8885283AC885183A2800F881
S315040099A80404400134408000C4FFBF103A880728E5
S315040099B82EF23F11040640013A8807283AD8C620F1
S315040099C874008100044EAE103A8887180300801884
S315040099D80408C0003A8885283AC885183A2800F841
S315040099E81700C02004FDFFDE150000DC150280DC2C
S315040099F8150140DC44008000170300223A881F0042
S31504009A0817044022170100242E55C01004018000B3
S31504009A18264F801884008000260280183AB04442F3
S31504009A281E1A00103A880D003A880F003A88110069
S31504009A3834048000C4FFBF103A881D303A70843855
S31504009A483A950A402CFCBF793AB08C303404E000CD
S31504009A58C4FFFF18FA9704803A70C6303AB046191C
S31504009A6834006001C4FF7F293A704A193AB08A283B
S31504009A783A8807283A880570170280DC170140DC03
S31504009A88170000DC0403C0DE3A2800F81702002198
S31504009A988400BF00163F8020C4FF8000162C0011E6
S31504009AA8C43F80003A708C40042080003A8807003E
S31504009AB83A880F00C4FF8022261E8030C41F800007
S31504009AC83A8889403A800D223A884D323A881120DC
S31504009AD83A88133034008800C4FFBF10360D40128C
S31504009AE83A9604483AD20C403AD20E48C4FF3F018B
S31504009AF83AB08C1134044001C4FF7F293A7004310A
S31504009B083A704639CCFF01523A880D103A880F1834
S31504009B1806C73F00FA9708487AD004407AD0064820
S31504009B28440080523AB084203A8811103A881318AF
S31504009B3806EB3F001EE13F38044000013A70044139
S31504009B483AB0C41026E33F103A88053006DC3F00D5
S31504009B583A880D003A880F00C4FF010206B43F0094
S31504009B683A8805003402C0003AB08C403AB0CE4870
S31504009B78C4FF3F0134044001C4FF7F293A7004310D
S31504009B883A7046393A880D103A880F18C4FF01020C
S31504009B9806A73F003AC80911040E800016430011AF
S31504009BA804F8FF21164500383AD8D8493A881B00E4
S31504009BB83A882300440040013A88250016470038AD
S31504009BC83A98D6293A881500C4FFBF003A888950BE
S31504009BD83A888B583A808D223A884B313A70044138
S31504009BE83A7046493AB0C4102602001044004004AC
S31504009BF83A882500C43F80003AB04E643A709238D9
S31504009C08042080003AB0906C3A88150026168048DD
S31504009C18C41F00013A8805393A80CD113A880D32B5
S31504009C283A880F1034008400C4FFBF103A881130F4
S31504009C383A880700361B80113A9604403AD2083807
S31504009C483AD20A403A8813183AB00811C4FFBF003A
S31504009C583404C000C4FFFF183A708C203A70CE282A
S31504009C68CCFF014A06723F001EE93F50044000013A
S31504009C783A7004393A8807003AB0C4102606001028
S31504009C883A88453A3A80CD113A880D323A880F1007
S31504009C983A8811303A88070034008400C4FFBF109C
S31504009CA82EE53F124400C00006E33F003A88090047
S31504009CB83A8813003A880B0006E43F003A88474A74
S31504009CC8C40780003AC805113A9886183AD8184144
S31504009CD83AD81A493AB0181B06B53F007AD006286E
S31504009CE8C40780003AC805113AD896183A98142930
S31504009CF806B53F001701C02017004022340480002F
S31504009D08C4FFBF103AD50818FAD70C183A70941835
S31504009D18CCFF01223A881B283A881748150180295E
S31504009D283A8819501E1E00403AB0844A2619001073
S31504009D383AD604483A920C5084003F013400C400D1
S31504009D48C4FFFF183AB08C11C40080003A920A483E
S31504009D581500806815020069360B80193A880F20A9
S31504009D683A8811183A8845293A8049113A88873138
S31504009D783A88C9203A880B103A880D20C4FFFF395F
S31504009D882EF83F411502C069150480691503406918
S31504009D983A2800F884008000150080283A2800F83C
S31504009DA8C4FF8100260F80403AD60C483A920650E2
S31504009DB83A9204483A8809003AB0C6303400440155
S31504009DC83AB00C1144003F423AB04E19C400800020
S31504009DD81504C0691502006A1500806815038069B0
S31504009DE83A2800F83AB0844A1E0300100401800099
S31504009DF8150080283A2800F83A88090034024001F8
S31504009E083A7004493A7046513AB0C410260500100F
S31504009E1844008000150080681504006B1503C06AA9
S31504009E283A2800F81500006806FB3F001700802151
S31504009E384400C0002E0A8019170080282E088018AE
S31504009E480401C0002626C0302622C0108400C000A3
S31504009E582605C0301E07C010170180201E090010F1
S31504009E68440080003A2800F81E1AC0103A880500F3
S31504009E783A2800F817010022170180282603804093
S31504009E8826F73F40C4FFBF003A2800F81702C0204F
S31504009E981702802816FAFF10160980181704C0211D
S31504009EA81704C028170380211703802836F4FF19DE
S31504009EB82605C0383602C0381EECFF192EEBBF3013
S31504009EC81EE73F4006EF3F002EFABF1126E43F4047
S31504009ED806EC3F00170180281EE13F1006E93F0003
S31504009EE81EDDBF111701C028170180203AC885183E
S31504009EF83A2800F804FDFFDE1502C0DF150140DC30
S31504009F08150000DC3A882120161D002004034001B0
S31504009F18004900407400C10004A5F0183A88C91025
S31504009F282617002017008020170480102621001009
S31504009F383AE83E103A8823103A880980403F0A4096
S31504009F48160200883A880500061D00007400810080
S31504009F580428B510170080101E0300107400C100F1
S31504009F6804CAFB18060200003AE83E103A880710AD
S31504009F783AC8450415008018C4FFBF00061000003F
S31504009F88740081000428B510170080101E03001001
S31504009F987400C10004CAFB18060200003AE83E1021
S31504009FA83A8807104414800015008018C4FFBF00BF
S31504009FB8060300003A880980403F0A403A880500AB
S31504009FC81702C0DF170140DC170000DC0403C0DEFB
S31504009FD83A2800F83A8805303A2800F804FEFFDEE5
S31504009FE81501C0DF150000DC3A8821281610002068
S31504009FF804034001004900407400C10004A5F01898
S3150400A0083A88C910260A00201700802017088010ED
S3150400A018260300103A880B803AE83E100610000022
S3150400A02804008800150180803A880500060C0000A3
S3150400A038740081000428B510170080101E03001050
S3150400A0487400C10004CAFB18060200003AE83E1070
S3150400A0583A8807104414800015008018C4FFBF000E
S3150400A0681701C0DF170000DC0402C0DE3A2800F836
S3150400A07804EFFFDE1510C0DF150F00DC3A88212037
S3150400A0881611002004034001004900407400C10071
S3150400A09804A5F0183A88C510260B0010170080107E
S3150400A0A8170880101E0200104400800006120000E3
S3150400A0B83A8809803A880BD840FE0940170180D8A7
S3150400A0C820008810060C0000740081000428B510CE
S3150400A0D8170080101E0300107400C10004CAFB1880
S3150400A0E8060200003AE83E103A8807104414800035
S3150400A0F8150080183A8805001710C0DF170F00DC12
S3150400A1080411C0DE3A2800F804FFFFDE1500C0DF9C
S3150400A11874000101042D35217400C1000496EE185B
S3150400A1282609C02074008101042DB531260680193C
S3150400A1380401400117008020150080183A88471941
S3150400A1483A8849211EFBFF30340001010408002126
S3150400A1583400C1000408C0182609C020340081014F
S3150400A168045A80312606801904014001170080200C
S3150400A178150080183A8847193A8849211EFBFF308A
S3150400A1887400010104B72D217400C10004B7ED1849
S3150400A1982609C020740081010496AE31260680196A
S3150400A1A80401400117008020150080183A884719D1
S3150400A1B83A8849211EFBFF3040D80A4080DF0A400E
S3150400A1C81700C0DF0401C0DE3A2800F804FDFFDEEC
S3150400A1D81502C0DF150140DC150000DC3A88212889
S3150400A1E83A8823300E020020C4EB3F040610000010
S3150400A1F804034001004900407400C10004A5F01896
S3150400A2083A88C910261700201700802017078010DF
S3150400A2181E02001084DE3F04060500003A880B80FF
S3150400A2283A880D883AE83E100E1000103A88211034
S3150400A238740081000428B510170080101E0300104E
S3150400A2487400C10004CAFB18060200003AE83E106E
S3150400A2583A8807103AC8050415008018C4FFBF00D9
S3150400A26806020000C4EB3F0406F13F001702C0DFF4
S3150400A278170140DC170000DC0403C0DE3A2800F8A6
S3150400A28804FEFFDE1501C0DF150000DC3A8809006C
S3150400A29840610A40C05B0A40740081010491AE31F2
S3150400A2A83A8809303A880B3040F90A4017AE26D165
S3150400A2B817AF66D117B0A6D1002F00403A882110EF
S3150400A2C844000001C0EF09403A88098040460B4023
S3150400A2D83A2800F83A2800F804FDFFDE1502C0DF24
S3150400A2E8150140DC150000DC3A8821283A88233019
S3150400A2F8162C002004034001004900407400C100E4
S3150400A30804A5F0183A88C9102626002017028020CA
S3150400A318CC0080104400C0002615C0101700802009
S3150400A32817058010261200103A880B803A880D8883
S3150400A3383AE83E103A8821100E260010740081006F
S3150400A3480428B510170080101E0300107400C100FD
S3150400A35804CAFB18060200003AE83E103A880710B9
S3150400A3683AC8050415008018C4FF3F0406190000FE
S3150400A378740081000428B510170080101E0300100D
S3150400A3887400C10004CAFB18060200003AE83E102D
S3150400A3983A8807104403800015008018C4FF3F0458
S3150400A3A8060C0000740081000428B51017008010FC
S3150400A3B81E0300107400C10004CAFB18060200003C
S3150400A3C83AE83E103A8807104414800015008018AD
S3150400A3D8C4FF3F043A8805801702C0DF170140DC32
S3150400A3E8170000DC0403C0DE3A2800F804FCFFDE8C
S3150400A3F81503C0DF150280DC150140DC150000DCFE
S3150400A4083A882520840080000E0C0011740041044B
S3150400A41804A5708C040300043A880B8000490040A4
S3150400A4283A884514150200103A8809903A880B8030
S3150400A438004900403A884514150000101703C0DF88
S3150400A448170280DC170140DC170000DC0404C0DEB8
S3150400A4583A2800F83A300B0084FFBF003A70842883
S3150400A4683A700110170CA0D0C400801004FFFF0036
S3150400A4783A70C610150CE0D03A8809193480810060
S3150400A488040080102E0300113A700128C4FFFF004F
S3150400A49806020000150C20D13A7001283A880518DE
S3150400A4A83A2800F804FDFFDE1502C0DF150140DC7A
S3150400A4B8150000DC3A8821283A882330162B002018
S3150400A4C804034001004900407400C10004A5F018C3
S3150400A4D83A88C9102625002017028020CC0080104F
S3150400A4E82615001017008020170680102612001063
S3150400A4F83A880B803A880D883AE83E103A88211043
S3150400A5080E260010740081000428B5101700801068
S3150400A5181E0300107400C10004CAFB1806020000DA
S3150400A5283AE83E103A8807103AC805041500801818
S3150400A538C4FF3F0406190000740081000428B510FE
S3150400A548170080101E0300107400C10004CAFB180B
S3150400A558060200003AE83E103A88071044038000D1
S3150400A56815008018C4FF3F04060C0000740081001F
S3150400A5780428B510170080101E0300107400C100CB
S3150400A58804CAFB18060200003AE83E103A88071087
S3150400A5984414800015008018C4FF3F043A880580D7
S3150400A5A81702C0DF170140DC170000DC0403C0DE15
S3150400A5B83A2800F804FEFFDE1501C0DF150000DCAA
S3150400A5C8040004013A880B003A880D000402C0010D
S3150400A5D840C60A4074000104040F31843A8809808D
S3150400A5E83A880B004401800180750A4004F63F81CD
S3150400A5F8740041010425752980D80A401701C0DF73
S3150400A608170000DC0402C0DE3A2800F804FFFFDE67
S3150400A6181500C0DF00290B40440080003A70011081
S3150400A6281700C0DF0401C0DE3A2800F804FFFFDE85
S3150400A6381500C0DF17000021040A0021C0900A4053
S3150400A6481700C0DF0401C0DE3A2800F804FFFFDE65
S3150400A6581500C0DF3A88052017000021040A0021E6
S3150400A66817024011C06C0A401700C0DF0401C0DE9F
S3150400A6783A2800F804FFFFDE1500C0DF3A880520F3
S3150400A68817000021040A00211702C01180AE0A40EF
S3150400A6981700C0DF0401C0DE3A2800F804FFFFDE15
S3150400A6A81500C0DF3A88052017000021040A002196
S3150400A6B81702C01100980A401700C0DF0401C0DE63
S3150400A6C83A2800F8170C80210C0050293A000B2868
S3150400A6D8060300001E02002844FDBF003A2800F8BD
S3150400A6E8170D8020260380111709C0201701802022
S3150400A6F836F8BF183A8805003A2800F8170080206B
S3150400A7080401C01037008018040041013A7044114E
S3150400A71826050010170880203AB044113500801821
S3150400A72815090020060600001709C0203400A000F9
S3150400A73804FFBF103602C010440080181509802093
S3150400A7487400810004CFBB10170080103A2800F863
S3150400A75804FDFFDE1502C0DF150100DC3A8821205E
S3150400A7684400C0001508C020170080203501C01019
S3150400A778150000D83A8809283A880B3074008101F4
S3150400A78804F6A9313A880F8040E90A401509008081
S3150400A798040200817400810004CFBB101700401125
S3150400A7A87400810104C1A9313A880F8000CF0A4098
S3150400A7B80E0300103400A000C4FFBF1015018080EA
S3150400A7C81702C0DF170100DC0403C0DE3A2800F8CC
S3150400A7D817000022040180033A889943F4FF7F0393
S3150400A7E83700C0620CC08058264500100C408058BB
S3150400A7F826210010170A802044008010CCFF8110FF
S3150400A808170BC0202616C0101400A002040E40021E
S3150400A8184400C001C4FF8101370040413A70842ACC
S3150400A828260D0010170A80203A8805113A88451221
S3150400A83805004011170A80203A88C5113A70841118
S3150400A848150A8020170A80203A88C5113A7084119F
S3150400A858170BC0201EF0FF103A70442B2606001072
S3150400A8681708802084FFFF003A70C410150880205A
S3150400A87835008060370080600C80805826D83F10E9
S3150400A8883A70445B3AD40A1026D53F28170DC020DF
S3150400A898170C802026118018040E420244008001F9
S3150400A8A8C4FFC101170D80203A8805113A8845125C
S3150400A8B80700801035008040170D80203A888511DE
S3150400A8C83A70C411150D80203AC88B2926C43F282E
S3150400A8D8170DC020170C80201EF2BF181708C020B9
S3150400A8E844FFBF003A7086181508C0201700802058
S3150400A8F83A8885133500C0103700806006B83F00D3
S3150400A9083A2800F844809A002603802884809A000E
S3150400A9181E178028060D00001701C0203400A00069
S3150400A928C4FFBF10261280181700803184FFFF3039
S3150400A93844FFBF102E02C0103400A00184FFBF31AB
S3150400A948150180213A8805003A2800F81701C02025
S3150400A9583400A000C4FFBF102605801817098020FC
S3150400A9683A80C510150080303A8805003A2800F860
S3150400A978C4F9BF003A2800F804F6FFDE1509C0DF5B
S3150400A988150800DF1507C0DD150680DD150540DD51
S3150400A998150400DD1503C0DC150280DC150140DC56
S3150400A9A8150000DC3A8825203A882F283A8827306B
S3150400A9B83A8839380E2280013A882BB8170A8095C6
S3150400A9C8170B4094360240B43AC861B40602000034
S3150400A9D8040082003AC86114260D00803A88299832
S3150400A9E8361D009C040E40913A8809A83A884B2CD7
S3150400A9F83A880D80808D05403A882BAC3AC8279C46
S3150400AA083A884584CCFF8110150B809016EBFF0419
S3150400AA181E1CC0AD0C0090E01E0D0010170A809095
S3150400AA281E0380B01709C0901701809036FBBF1823
S3150400AA38170A8090260480B00E03C00406DE3F0081
S3150400AA480C0090381E020010C4FEBF000618000051
S3150400AA5844FDBF0006160000040E40913A8809A872
S3150400AA683A884B893A880D98808D05403A88EBAC2C
S3150400AA783A8827003A8845A4CCFF8110150B8090A4
S3150400AA8806E33F003A30090084FFBF003A70842089
S3150400AA983A700110170880905400801015088090A9
S3150400AAA81700C090350180183A7001203AC8C5AD20
S3150400AAB81709C0DF170800DF1707C0DD170680DD92
S3150400AAC8170540DD170400DD1703C0DC170280DC18
S3150400AAD8170140DC170000DC040AC0DE3A2800F837
S3150400AAE804F8FFDE1507C0DF150680DD150540DD11
S3150400AAF8150400DD1503C0DC150280DC150140DCF5
S3150400AB08150000DC3A8821203A882D283A88113025
S3150400AB183A882B38160680013A8829280621000027
S3150400AB283AC885A50643000044FDBF000641000057
S3150400AB383A882928170C8084170D40812E034091E2
S3150400AB483AC8852CC4FFBF11060600002603002850
S3150400AB58040082003AC88D1406020000C4FF81006E
S3150400AB683AC88D14262600303A8827403A88233076
S3150400AB782E0180413A882340040E02813A888924AA
S3150400AB883A880BA03A880D88808D05403A8869A4CE
S3150400AB983AC8519C3A884594CCFF8110150C80809C
S3150400ABA816E43F023A30090084FFBF003A70842055
S3150400ABB83A70011017088080940080101508808068
S3150400ABC81700C080350180183A7001200607000076
S3150400ABD8170D80801E0340111709C0801701808055
S3150400ABE836FBBF18170D80801EED7F111ECC3FB5AE
S3150400ABF80C0090A81ECC3F10C4FEBF00060D000032
S3150400AC083A30090084FFBF003A7084203A70011074
S3150400AC181708808094008010150880801700C0806B
S3150400AC28350180183A7001200C0090A826E83F10D8
S3150400AC3806EE3F001707C0DF170680DD170540DD5F
S3150400AC48170400DD1703C0DC170280DC170140DC9B
S3150400AC58170000DC0408C0DE3A2800F804FEFFDE0C
S3150400AC681501C0DF3A8811207400C10004CFFB180F
S3150400AC78170080181E0100101500C019C4018000B1
S3150400AC8835018040150000D83A8809283A880B30DF
S3150400AC9874008101042DAB313A880F4040E90A401B
S3150400ACA81701C0DF0402C0DE3A2800F804FEFFDEFE
S3150400ACB81501C0DF150000DC3500002037018020AF
S3150400ACC83A30210084FFBF003A7084803A7001103C
S3150400ACD8401E0B403A7001801701C0DF170000DCE4
S3150400ACE80402C0DE3A2800F87400810004CFBB10C1
S3150400ACF8170080101E02001084DEBF003A2800F8F0
S3150400AD081E02002084FABF003A2800F815038021A1
S3150400AD181505C0213A300F0084FFBF003A70843805
S3150400AD283A7001107400810004D0BB101700C010DB
S3150400AD38440080013A8885193A88852815028020B6
S3150400AD482E02C01005048021060100000504002017
S3150400AD5874008100042BB510150180201700C0105B
S3150400AD681500C0201700C0101501001915000011A0
S3150400AD783A7001383A8805003A2800F83A2800F863
S3150400AD8804FFFFDE1500C0DF26020020170280201C
S3150400AD981E0D0010740081000428B51017008010D9
S3150400ADA81E0300107400C10004CAFB180602000042
S3150400ADB83AE83E103A880710840580001500801882
S3150400ADC884FABF00060700001501402117008028F1
S3150400ADD81500802017008028150100111500002988
S3150400ADE83A8805001700C0DF0401C0DE3A2800F8D7
S3150400ADF83A2800F8FA3005004400C0003A98461983
S3150400AE083A70C4103AC004103A2800F83A300D00D3
S3150400AE1884FFBF003A7084303A7001107400C10090
S3150400AE2804CEFB1817000019440080003A98441110
S3150400AE383AB004111500801817008018FA7001102A
S3150400AE483A7001303A8805003A2800F83A300D007D
S3150400AE5884FFBF003A7084303A7001107400C10050
S3150400AE6804CEFB181700001984FFBF003A184411D2
S3150400AE783A7004111500801817008018FA7001102A
S3150400AE883A7001303A8805003A2800F804FEFFDED5
S3150400AE981501C0DF170280D8150080D840EB0A4098
S3150400AEA81701C0DF0402C0DE3A2800F804FEFFDEFC
S3150400AEB81501C0DF150000DCC40780000E0240112E
S3150400AEC884FABF00060F00003A30210084FFBF0051
S3150400AED83A7084803A700110FA9004287400C1000C
S3150400AEE804DBFB183A88C510150080111501C0113A
S3150400AEF82602003040E10A400601000040E50A4007
S3150400AF083A7001801701C0DF170000DC0402C0DEB6
S3150400AF183A2800F804FDFFDE1502C0DF150140DCFF
S3150400AF28150000DC3A8823203A8809283A880B3029
S3150400AF383A880D38C0020B403A882110160E0010C4
S3150400AF483A88091004034001004900407400C1000E
S3150400AF5804A5F0183A88C5101700C0101500C08853
S3150400AF681701C0101501C0881702801015028088C1
S3150400AF783A880980403F0A401702C0DF170140DCBF
S3150400AF88170000DC0403C0DE3A2800F804FAFFDEE2
S3150400AF981505C0DF150400DD1503C0DC150280DCC9
S3150400AFA8150140DC150000DC3A8805203A88272874
S3150400AFB83A8829307400010404A8308444008004C3
S3150400AFC8C47F40043A8809803A880B103A880D9061
S3150400AFD83A880F88C0F10A4004FD3F843A880980FC
S3150400AFE83A880B983A880D003A880F88C0F10A40C7
S3150400AFF8040600813A880BA03A880D903A880F888F
S3150400B008C0F10A401705C0DF170400DD1703C0DCCA
S3150400B018170280DC170140DC170000DC0406C0DEDA
S3150400B0283A2800F804F9FFDE1506C0DF150540DDE9
S3150400B038150400DD1503C0DC150280DC150140DCAF
S3150400B048150000DC3A8829203A8827283A882B30C4
S3150400B058740041010425752980290B403A8821107A
S3150400B068260200103A882500060A00003A8809A034
S3150400B07880300B403A8821101E050010C4FF7F0457
S3150400B08844FB3F04062D0000C4FC3F04062B0000C5
S3150400B098440080043A880980403C0B403A882310CF
S3150400B0A8163500103A880910040340010049004087
S3150400B0B87400010204A530423A880912340090004B
S3150400B0C8C4FFBF103A7086981502C0203AC004908F
S3150400B0D81E12001034009018150280207400810096
S3150400B0E80427B5101700C011170080213A880B00F1
S3150400B0F83A880740440040020403000217008018F7
S3150400B1081E038011170280180E0100101EDE3F1957
S3150400B1183A884B2A3A88071A2EF87F39170380800B
S3150400B128261700103A880BA03A880D983A880FA873
S3150400B1383AE83E103A8821100E1100103A88098818
S3150400B148403F0A40740081000428B5101700801097
S3150400B1581E0300107400C10004CAFB18060200008E
S3150400B1683AE83E103A8807103AC8050415008018CC
S3150400B178C4FF7F04060200003A88211006EF3F0048
S3150400B1883A8805881706C0DF170540DD170400DD71
S3150400B1981703C0DC170280DC170140DC170000DC4B
S3150400B1A80407C0DE3A2800F83A300B0084FFBF00D3
S3150400B1B83A7084283A7001101700C02017018020BD
S3150400B1C815018018170180201500C01015010021EB
S3150400B1D8150000213A7001283A2800F804FDFFDE1C
S3150400B1E81502C0DF150140DC150000DC170E20D45B
S3150400B1F817B3A6D04400801015B3A6D0061B0000CA
S3150400B20817004084030480802603001017B3A6D0D1
S3150400B2181E0100100504008017B3E6D017028080CB
S3150400B22836118018030480801E0F001017038080CF
S3150400B238170500813AE83E103A8807101E030010E5
S3150400B2483A880980001B0B40060700001702808015
S3150400B2583A8885181502808017B3E6D02E02C010E6
S3150400B26844008000050480803A882188040EA0D012
S3150400B2781EE3BF801702C0DF170140DC170000DC9D
S3150400B2880403C0DE3A2800F8FA7001003A2800F8E8
S3150400B29804FBFFDE1504C0DF1503C0DC150280DCE1
S3150400B2A8150140DC150000DC3A8827203A88212855
S3150400B2B81700402C405F0040440080142607008C89
S3150400B2C8170200893A880B983A880D90C0490B40B2
S3150400B2D8260300101700408C1EF97F843A88230041
S3150400B2E83A8805881704C0DF1703C0DC170280DC18
S3150400B2F8170140DC170000DC0405C0DE3A2800F814
S3150400B30804F9FFDE1506C0DF150540DD150400DD6A
S3150400B3181503C0DC150280DC150140DC150000DCD1
S3150400B3283A882520740081000423B51017004014B8
S3150400B3383A882B1026168088C4FF3F05C40BC00420
S3150400B3481702008C3A880980405F00403A88071043
S3150400B3583A8885803A880515070080101E01C014AE
S3150400B3683A88071D3A88851C070080102601C014F0
S3150400B3781E0500103A8809803A880B903A880D18F9
S3150400B388C0490B40260300101700408C1EEC7F8D25
S3150400B3983A8823003A8805881706C0DF170540DD72
S3150400B3A8170400DD1703C0DC170280DC170140DC34
S3150400B3B8170000DC0407C0DE3A2800F804FBFFDEA9
S3150400B3C81504C0DF1503C0DC150280DC150140DC5A
S3150400B3D8150000DC3A8825203A8821007400C1004B
S3150400B3E804A5F0187400C1040427F59C17008018F6
S3150400B3F81E0E00103A8809800403400100490040E3
S3150400B4087400C10004A5F0183A88C5101500801404
S3150400B41817008098160200143A880580060800006A
S3150400B4281500009C3A88058006050000440000843F
S3150400B4380403C018040880001EECBF8004FABF0089
S3150400B4481704C0DF1703C0DC170280DC170140DCD1
S3150400B458170000DC0405C0DE3A2800F804FEFFDE07
S3150400B4683A880B00150000DC1501C0DF3A88212054
S3150400B47840510B4074008100041EB51017000011DA
S3150400B488170F8020260100103AE83E103A880980F2
S3150400B498406C0B40C400C0002E0380193AB0442106
S3150400B4A83A70C410260F0010C4FFFF311E06003080
S3150400B4B8060A0000C4FFFF39C4FFBF004400002188
S3150400B4C844004029260580380300C020030080284C
S3150400B4D826F8BF183AC885183A2800F83A880500A5
S3150400B4E83A2800F83A880F181700C0201700802851
S3150400B4F81EEDBF1804FFBF310401002104014029D1
S3150400B50836F9BF3906E83F003A2800F87400810086
S3150400B518041EB5101700801004F3FFDE150B00DFB8
S3150400B528150180D834008000040080103A00051004
S3150400B538150280D8170180D8150840DD150700DDE7
S3150400B54804528010150CC0DF150AC0DD150980DD0C
S3150400B5581506C0DC150580DC150440DC150300DC83
S3150400B5683A882B283A883920150080D83A002928A1
S3150400B578170180D817524014261000881700C0DD1A
S3150400B588170180880422808CC4FF3F1416090080A2
S3150400B598C4FFBF051E1500A03A8809843A88052108
S3150400B5A83A8885141720C0102611C0A8C4FF3F8402
S3150400B5B81EF8BF85170280D826310010170CC0DF85
S3150400B5C8170B00DF170AC0DD170980DD170840DDF1
S3150400B5D8170700DD1706C0DC170580DC170440DCF6
S3150400B5E8170300DC040DC0DE3A2800F83A880984FB
S3150400B5F81701C0883A8805213A884514C4FFFF18FC
S3150400B608170280112615001C1502001026E73F3084
S3150400B6184400C0003A98061C174080901701C08C55
S3150400B6283A70841826140010174180903A708418CA
S3150400B6381E0C00103A8805213A8885141700401113
S3150400B6483A8809E03AE83E30170180881EC8BF9850
S3150400B658170080B826D57F1406C53F001501008C4F
S3150400B66806EA3F003A8805213A888514170000112E
S3150400B6783AE83E3006F43F003AE83E3006F23F0028
S3150400B688170180881E080010170000892607002065
S3150400B698150000B93A88098800000000170040BC64
S3150400B6A81EB73F8806C53F00170000893A882F88C9
S3150400B6B83A8823201EB23F8806C03F00260200208F
S3150400B6C870F02A0006010000B0F02A0006FF3F00C9
S3090400B6D810B500049B
S3150400B6DC3D3D3D20537570657276697365757220B0
S3150400B6EC3D3D3D004B50203D2025640A00000000E2
S3150400B6FC4B44203D2025640A000000004C696E650D
S3150400B70C206465746563746564202D3E204C494E33
S3150400B71C455F464F4C4C4F57000000000A00000092
S3150400B72C30313233343536373839616263646566A1
S3150400B73C00000000494E4600696E66004E414E00FC
S3150400B74C6E616E00286E756C6C29000030313233D4
S3150400B75C34353637383941424344454600000000F7
S3150400B76C62756720696E2076667072696E74663AC5
S3150400B77C2062616420626173650000003000303021
S3150400B78C30303030303030303030303030302020C3
S3150400B79C20202020202020202020202020200000D3
S3150400B7AC496E66696E697479000000004E614E003C
S3150400B7BC430000002E00000049534F2D383835390C
S3150400B7CC2D310000C0B7000404B7000404B700040C
S3150400B7DC04B7000404B7000404B7000404B7000457
S3150400B7EC04B7000404B7000404B700047F7F7F7F0A
S3150400B7FC7F7F7F7F000000000000F03F0000000008
S3150400B80C0000244000000000000059400000000025
S3150400B81C00408F40000000000088C3400000000078
S3150400B82C006AF8400000000080842E4100000000ED
S3150400B83CD01263410000000084D797410000000039
S3150400B84C65CDCD41000000205FA00242000000E857
S3150400B85C76483742000000A2941A6D42000040E577
S3150400B86C9C30A2420000901EC4BCD6420000342672
S3150400B87CF56B0C430080E03779C3414300A0D885AF
S3150400B88C5734764300C84E676DC1AB43003D916097
S3150400B89CE458E143408CB5781DAF154450EFE2D61D
S3150400B8ACE41A4B4492D54D06CFF08044F64AE1C7D0
S3150400B8BC022DB544B49DD9794378EA440080E03727
S3150400B8CC79C34143176E05B5B5B89346F5F93FE907
S3150400B8DC034F384D321D30F94877825A3CBF737F7B
S3150400B8ECDD4F1575BC89D897B2D29C3C33A7A8D525
S3150400B8FC23F649393DA7F444FD0FA5329D978CCF09
S3150400B90C08BA5B25436FAC642806C80A0500000018
S3150400B91C190000007D00000000000000000000007B
S3150400B92C00000000000000000000000000010202FC
S3150400B93C03030303040404040404040405050505B1
S3150400B94C050505050505050505050505060606068D
S3150400B95C0606060606060606060606060606060671
S3150400B96C060606060606060606060606070707075D
S3150400B97C0707070707070707070707070707070741
S3150400B98C0707070707070707070707070707070731
S3150400B99C0707070707070707070707070707070721
S3150400B9AC070707070707070707070707080808080D
S3150400B9BC08080808080808080808080808080808F1
S3150400B9CC08080808080808080808080808080808E1
S3150400B9DC08080808080808080808080808080808D1
S3150400B9EC08080808080808080808080808080808C1
S3150400B9FC08080808080808080808080808080808B1
S3150400BA0C08080808080808080808080808080808A0
S3150400BA1C0808080808080808080808080808080890
S3150400BA2C0808080808080808080808082F64657632
S3150400BA3C2F6E756C6C0000002F6465762F6A74612A
S3110400BA4C675F756172745F3000000000D3
S3150400D4B40000000044BD0004A0BD0004FCBD00043B
S3150400D4C4000000000000000000000000000000004E
S3150400D4D4000000000000000000000000000000003E
S3150400D4E400000000BCB700040000000000000000B7
S3150400D4F4000000000000000000000000000000001E
S3150400D504000000000000000000000000000000000D
S3150400D51400000000000000000000000000000000FD
S3150400D52400000000000000000000000000000000ED
S3150400D53400000000000000000000000000000000DD
S3150400D54400000000000000000000000000000000CD
S3150400D5540000000001000000000000000E33CDAB03
S3150400D56434126DE6ECDE05000B000000000000003A
S3150400D574000000000000000000000000000000009D
S3150400D584000000000000000000000000000000008D
S3150400D594000000000000000000000000000000007D
S3150400D5A4000000000000000000000000000000006D
S3150400D5B4000000000000000000000000000000005D
S3150400D5C4000000000000000000000000000000004D
S3150400D5D4000000000000000000000000000000003D
S3150400D5E4000000000000000000000000000000002D
S3150400D5F4000000000000000000000000000000001D
S3150400D604000000000000000000000000000000000C
S3150400D61400000000000000000000000000000000FC
S3150400D62400000000000000000000000000000000EC
S3150400D63400000000000000000000000000000000DC
S3150400D64400000000000000000000000000000000CC
S3150400D65400000000000000000000000000000000BC
S3150400D66400000000000000000000000000000000AC
S3150400D674000000000000000000000000000000009C
S3150400D684000000000000000000000000000000008C
S3150400D694000000000000000000000000000000007C
S3150400D6A4000000000000000000000000000000006C
S3150400D6B4000000000000000000000000000000005C
S3150400D6C4000000000000000000000000000000004C
S3150400D6D4000000000000000000000000000000003C
S3150400D6E4000000000000000000000000000000002C
S3150400D6F4000000000000000000000000000000001C
S3150400D704000000000000000000000000000000000B
S3150400D71400000000000000000000000000000000FB
S3150400D72400000000000000000000000000000000EB
S3150400D73400000000000000000000000000000000DB
S3150400D74400000000000000000000000000000000CB
S3150400D75400000000000000000000000000000000BB
S3150400D76400000000000000000000000000000000AB
S3150400D774000000000000000000000000000000009B
S3150400D784000000000000000000000000000000008B
S3150400D794000000000000000000000000000000007B
S3150400D7A4000000000000000000000000000000006B
S3150400D7B4000000000000000000000000000000005B
S3150400D7C4000000000000000000000000000000004B
S3150400D7D4000000000000000000000000000000003B
S3150400D7E4000000000000000000000000000000002B
S3150400D7F4000000000000000000000000000000001B
S3150400D804000000000000000000000000000000000A
S3150400D81400000000000000000000000000000000FA
S3150400D82400000000000000000000000000000000EA
S3150400D83400000000000000000000000000000000DA
S3150400D84400000000000000000000000000000000CA
S3150400D85400000000000000000000000000000000BA
S3150400D86400000000000000000000000000000000AA
S3150400D874000000000000000000000000000000009A
S3150400D884000000000000000000000000000000008A
S3150400D894000000000000000000000000000000007A
S3150400D8A4000000000000000000000000000000006A
S3150400D8B44300000000000000000000000000000017
S3150400D8C40000000064BE000464BE00046CBE0004D0
S3150400D8D46CBE000474BE000474BE00047CBE000462
S3150400D8E47CBE000484BE000484BE00048CBE000412
S3150400D8F48CBE000494BE000494BE00049CBE0004C2
S3150400D9049CBE0004A4BE0004A4BE0004ACBE000471
S3150400D914ACBE0004B4BE0004B4BE0004BCBE000421
S3150400D924BCBE0004C4BE0004C4BE0004CCBE0004D1
S3150400D934CCBE0004D4BE0004D4BE0004DCBE000481
S3150400D944DCBE0004E4BE0004E4BE0004ECBE000431
S3150400D954ECBE0004F4BE0004F4BE0004FCBE0004E1
S3150400D964FCBE000404BF000404BF00040CBF00048E
S3150400D9740CBF000414BF000414BF00041CBF00043D
S3150400D9841CBF000424BF000424BF00042CBF0004ED
S3150400D9942CBF000434BF000434BF00043CBF00049D
S3150400D9A43CBF000444BF000444BF00044CBF00044D
S3150400D9B44CBF000454BF000454BF00045CBF0004FD
S3150400D9C45CBF000464BF000464BF00046CBF0004AD
S3150400D9D46CBF000474BF000474BF00047CBF00045D
S3150400D9E47CBF000484BF000484BF00048CBF00040D
S3150400D9F48CBF000494BF000494BF00049CBF0004BD
S3150400DA049CBF0004A4BF0004A4BF0004ACBF00046C
S3150400DA14ACBF0004B4BF0004B4BF0004BCBF00041C
S3150400DA24BCBF0004C4BF0004C4BF0004CCBF0004CC
S3150400DA34CCBF0004D4BF0004D4BF0004DCBF00047C
S3150400DA44DCBF0004E4BF0004E4BF0004ECBF00042C
S3150400DA54ECBF0004F4BF0004F4BF0004FCBF0004DC
S3150400DA64FCBF000404C0000404C000040CC0000489
S3150400DA740CC0000414C0000414C000041CC0000438
S3150400DA841CC0000424C0000424C000042CC00004E8
S3150400DA942CC0000434C0000434C000043CC0000498
S3150400DAA43CC0000444C0000444C000044CC0000448
S3150400DAB44CC0000454C0000454C000045CC00004F8
S3150400DAC45CC0000464C0000464C000046CC00004A8
S3150400DAD46CC0000474C0000474C000047CC0000458
S3150400DAE47CC0000484C0000484C000048CC0000408
S3150400DAF48CC0000494C0000494C000049CC00004B8
S3150400DB049CC00004A4C00004A4C00004ACC0000467
S3150400DB14ACC00004B4C00004B4C00004BCC0000417
S3150400DB24BCC00004C4C00004C4C00004CCC00004C7
S3150400DB34CCC00004D4C00004D4C00004DCC0000477
S3150400DB44DCC00004E4C00004E4C00004ECC0000427
S3150400DB54ECC00004F4C00004F4C00004FCC00004D7
S3150400DB64FCC0000404C1000404C100040CC1000484
S3150400DB740CC1000414C1000414C100041CC1000433
S3150400DB841CC1000424C1000424C100042CC10004E3
S3150400DB942CC1000434C1000434C100043CC1000493
S3150400DBA43CC1000444C1000444C100044CC1000443
S3150400DBB44CC1000454C1000454C100045CC10004F3
S3150400DBC45CC1000464C1000464C100046CC10004A3
S3150400DBD46CC1000474C1000474C100047CC1000453
S3150400DBE47CC1000484C1000484C100048CC1000403
S3150400DBF48CC1000494C1000494C100049CC10004B3
S3150400DC049CC10004A4C10004A4C10004ACC1000462
S3150400DC14ACC10004B4C10004B4C10004BCC1000412
S3150400DC24BCC10004C4C10004C4C10004CCC10004C2
S3150400DC34CCC10004D4C10004D4C10004DCC1000472
S3150400DC44DCC10004E4C10004E4C10004ECC1000422
S3150400DC54ECC10004F4C10004F4C10004FCC10004D2
S3150400DC64FCC1000404C2000404C200040CC200047F
S3150400DC740CC2000414C2000414C200041CC200042E
S3150400DC841CC2000424C2000424C200042CC20004DE
S3150400DC942CC2000434C2000434C200043CC200048E
S3150400DCA43CC2000444C2000444C200044CC200043E
S3150400DCB44CC2000454C2000454C200045CC20004EE
S3150400DCC45CC2000494D4000494D4000438BA000456
S3150400DCD4000000000000000000000000DC9F0004B7
S3150400DCE40000000000000000000000006CC20004F4
S3150400DCF400000000000000006CC2000400000000E4
S3150400DD04000000006CC200040000000000000000D3
S3150400DD1400000000000000000000000000000000F5
S3150400DD2400000000000000000000000000000000E5
S3150400DD3400000000000000000000000000000000D5
S3150400DD4400000000000000000000000000000000C5
S3150400DD5400000000000000000000000000000000B5
S3150400DD6400000000000000000000000000000000A5
S3150400DD740000000000000000000000000000000095
S3150400DD840000000000000000000000000000000085
S3150400DD940000000000000000000000000000000075
S3150400DDA40000000000000000000000000000000065
S3150400DDB40000000000000000000000000000000055
S3150400DDC40000000000000000000000000000000045
S3150400DDD40000000000000000000000000000000035
S3150400DDE40000000000000000000000000000000025
S3150400DDF40000000000000000000000000000000015
S3150400DE040000000000000000000000000000000004
S3150400DE1400000000000000000000000000000000F4
S3150400DE2400000000000000000000000000000000E4
S3150400DE3400000000000000000000000000000000D4
S3150400DE4400000000000000000000000000000000C4
S3150400DE5400000000000000000000000000000000B4
S3150400DE6400000000000000000000000000000000A4
S3150400DE740000000044BA00040000000054A6000494
S3150400DE84A4A600047CA60004000000000000000010
S3150400DE9434A60004202000000A000000000000004C
S3150400DEA40000000000000000000000000000000064
S3150400DEB40000000000000000000000000000000054
S3150400DEC40000000000000000000000000000000044
S3150400DED40000000000000000000000000000000034
S3150400DEE40000000000000000000000000000000024
S3150400DEF40000000000000000000000000000000014
S3150400DF040000000000000000000000000000000003
S3150400DF1400000000000000000000000000000000F3
S3150400DF2400000000000000000000000000000000E3
S3150400DF3400000000000000000000000000000000D3
S3150400DF4400000000000000000000000000000000C3
S3150400DF5400000000000000000000000000000000B3
S3150400DF6400000000000000000000000000000000A3
S3150400DF740000000000000000000000000000000093
S3150400DF840000000000000000000000000000000083
S3150400DF940000000000000000000000000000000073
S3150400DFA40000000000000000000000000000000063
S3150400DFB40000000000000000000000000000000053
S3150400DFC40000000000000000000000000000000043
S3150400DFD40000000000000000000000000000000033
S3150400DFE40000000000000000000000000000000023
S3150400DFF40000000000000000000000000000000013
S3150400E0040000000000000000000000000000000002
S3150400E01400000000000000000000000000000000F2
S3150400E02400000000000000000000000000000000E2
S3150400E03400000000000000000000000000000000D2
S3150400E04400000000000000000000000000000000C2
S3150400E05400000000000000000000000000000000B2
S3150400E06400000000000000000000000000000000A2
S3150400E0740000000000000000000000000000000092
S3150400E0840000000000000000000000000000000082
S3150400E0940000000000000000000000000000000072
S3150400E0A40000000000000000000000000000000062
S3150400E0B40000000000000000000000000000000052
S3150400E0C40000000000000000000000000000000042
S3150400E0D40000000000000000000000000000000032
S3150400E0E40000000000000000000000000000000022
S3150400E0F40000000000000000000000000000000012
S3150400E1040000000000000000000000000000000001
S3150400E11400000000000000000000000000000000F1
S3150400E12400000000000000000000000000000000E1
S3150400E13400000000000000000000000000000000D1
S3150400E14400000000000000000000000000000000C1
S3150400E15400000000000000000000000000000000B1
S3150400E16400000000000000000000000000000000A1
S3150400E1740000000000000000000000000000000091
S3150400E1840000000000000000000000000000000081
S3150400E1940000000000000000000000000000000071
S3150400E1A40000000000000000000000000000000061
S3150400E1B40000000000000000000000000000000051
S3150400E1C40000000000000000000000000000000041
S3150400E1D40000000000000000000000000000000031
S3150400E1E40000000000000000000000000000000021
S3150400E1F40000000000000000000000000000000011
S3150400E2040000000000000000000000000000000000
S3150400E21400000000000000000000000000000000F0
S3150400E22400000000000000000000000000000000E0
S3150400E23400000000000000000000000000000000D0
S3150400E24400000000000000000000000000000000C0
S3150400E25400000000000000000000000000000000B0
S3150400E26400000000000000000000000000000000A0
S3150400E2740000000000000000000000000000000090
S3150400E2840000000000000000000000000000000080
S3150400E2940000000000000000000000000000000070
S3150400E2A40000000000000000000000000000000060
S3150400E2B40000000000000000000000000000000050
S3150400E2C40000000000000000000000000000000040
S3150400E2D40000000000000000000000000000000030
S3150400E2E40000000000000000000000000000000020
S3150400E2F40000000000000000000000000000000010
S3150400E30400000000000000000000000000000000FF
S3150400E31400000000000000000000000000000000EF
S3150400E32400000000000000000000000000000000DF
S3150400E33400000000000000000000000000000000CF
S3150400E34400000000000000000000000000000000BF
S3150400E35400000000000000000000000000000000AF
S3150400E364000000000000000000000000000000009F
S3150400E374000000000000000000000000000000008F
S3150400E384000000000000000000000000000000007F
S3150400E394000000000000000000000000000000006F
S3150400E3A4000000000000000000000000000000005F
S3150400E3B4000000000000000000000000000000004F
S3150400E3C4000000000000000000000000000000003F
S3150400E3D4000000000000000000000000000000002F
S3150400E3E4000000000000000000000000000000001F
S3150400E3F4000000000000000000000000000000000F
S3150400E40400000000000000000000000000000000FE
S3150400E41400000000000000000000000000000000EE
S3150400E42400000000000000000000000000000000DE
S3150400E43400000000000000000000000000000000CE
S3150400E44400000000000000000000000000000000BE
S3150400E45400000000000000000000000000000000AE
S3150400E464000000000000000000000000000000009E
S3150400E474000000000000000000000000000000008E
S3150400E484000000000000000000000000000000007E
S3150400E494000000000000000000000000000000006E
S3150400E4A4000000000000000000000000000000005E
S3150400E4B4000000000000000000000000000000004E
S3150400E4C4000000000000000000000000000000003E
S3150400E4D4000000000000000000000000000000002E
S3150400E4E4000000000000000000000000000000001E
S3150400E4F4000000000000000000000000000000000E
S3150400E50400000000000000000000000000000000FD
S3150400E51400000000000000000000000000000000ED
S3150400E52400000000000000000000000000000000DD
S3150400E53400000000000000000000000000000000CD
S3150400E54400000000000000000000000000000000BD
S3150400E55400000000000000000000000000000000AD
S3150400E564000000000000000000000000000000009D
S3150400E574000000000000000000000000000000008D
S3150400E584000000000000000000000000000000007D
S3150400E594000000000000000000000000000000006D
S3150400E5A4000000000000000000000000000000005D
S3150400E5B4000000000000000000000000000000004D
S3150400E5C4000000000000000000000000000000003D
S3150400E5D4000000000000000000000000000000002D
S3150400E5E4000000000000000000000000000000001D
S3150400E5F4000000000000000000000000000000000D
S3150400E60400000000000000000000000000000000FC
S3150400E61400000000000000000000000000000000EC
S3150400E62400000000000000000000000000000000DC
S3150400E63400000000000000000000000000000000CC
S3150400E64400000000000000000000000000000000BC
S3150400E65400000000000000000000000000000000AC
S3150400E664000000000000000000000000000000009C
S3150400E674000000000000000000000000000000008C
S3150400E684000000000000000000000000000000007C
S3150400E694000000000000000000000000000000006C
S3150400E6A4000000000000000000000000000000005C
S3150400E6B4000000000000000000000000000000004C
S3150400E6C4000000000000000000000000000000003C
S3150400E6D4000000000000000000000000000000002C
S3150400E6E4000000000000000000000000000000001C
S3150400E6F4000000000000000000000000000000000C
S3150400E70400000000000000000000000000000000FB
S3150400E71400000000000000000000000000000000EB
S3150400E72400000000000000000000000000000000DB
S3150400E73400000000000000000000000000000000CB
S3150400E74400000000000000000000000000000000BB
S3150400E75400000000000000000000000000000000AB
S3150400E764000000000000000000000000000000009B
S3150400E774000000000000000000000000000000008B
S3150400E784000000000000000000000000000000007B
S3150400E794000000000000000000000000000000006B
S3150400E7A4000000000000000000000000000000005B
S3150400E7B4000000000000000000000000000000004B
S3150400E7C4000000000000000000000000000000003B
S3150400E7D4000000000000000000000000000000002B
S3150400E7E4000000000000000000000000000000001B
S3150400E7F4000000000000000000000000000000000B
S3150400E80400000000000000000000000000000000FA
S3150400E81400000000000000000000000000000000EA
S3150400E82400000000000000000000000000000000DA
S3150400E83400000000000000000000000000000000CA
S3150400E84400000000000000000000000000000000BA
S3150400E85400000000000000000000000000000000AA
S3150400E864000000000000000000000000000000009A
S3150400E874000000000000000000000000000000008A
S3150400E884000000000000000000000000000000007A
S3150400E894000000000000000000000000000000006A
S3150400E8A4000000000000000000000000000000005A
S3150400E8B4000000000000000000000000000000004A
S3150400E8C4000000000000000000000000000000003A
S3150400E8D4000000000000000000000000000000002A
S3150400E8E4000000000000000000000000000000001A
S3150400E8F4000000000000000000000000000000000A
S3150400E90400000000000000000000000000000000F9
S3150400E91400000000000000000000000000000000E9
S3150400E92400000000000000000000000000000000D9
S3150400E93400000000000000000000000000000000C9
S3150400E94400000000000000000000000000000000B9
S3150400E95400000000000000000000000000000000A9
S3150400E9640000000000000000000000000000000099
S3150400E9740000000000000000000000000000000089
S3150400E9840000000000000000000000000000000079
S3150400E9940000000000000000000000000000000069
S3150400E9A40000000000000000000000000000000059
S3150400E9B40000000000000000000000000000000049
S3150400E9C40000000000000000000000000000000039
S3150400E9D40000000000000000000000000000000029
S3150400E9E40000000000000000000000000000000019
S3150400E9F40000000000000000000000000000000009
S3150400EA0400000000000000000000000000000000F8
S3150400EA1400000000000000000000000000000000E8
S3150400EA2400000000000000000000000000000000D8
S3150400EA3400000000000000000000000000000000C8
S3150400EA4400000000000000000000000000000000B8
S3150400EA5400000000000000000000000000000000A8
S3150400EA640000000000000000000000000000000098
S3150400EA740000000000000000000000000000000088
S3150400EA840000000000000000000000000000000078
S3150400EA940000000000000000000000000000000068
S3150400EAA40000000000000000000000000000000058
S3150400EAB40000000000000000000000000000000048
S3150400EAC40000000000000000000000000000000038
S3150400EAD40000000000000000000000000000000028
S3150400EAE40000000000000000000000000000000018
S3150400EAF40000000000000000000000000000000008
S3150400EB0400000000000000000000000000000000F7
S3150400EB1400000000000000000000000000000000E7
S3150400EB2400000000000000000000000000000000D7
S3150400EB3400000000000000000000000000000000C7
S3150400EB4400000000000000000000000000000000B7
S3150400EB5400000000000000000000000000000000A7
S3150400EB640000000000000000000000000000000097
S3150400EB740000000000000000000000000000000087
S3150400EB840000000000000000000000000000000077
S3150400EB940000000000000000000000000000000067
S3150400EBA40000000000000000000000000000000057
S3150400EBB40000000000000000000000000000000047
S3150400EBC40000000000000000000000000000000037
S3150400EBD40000000000000000000000000000000027
S3150400EBE40000000000000000000000000000000017
S3150400EBF40000000000000000000000000000000007
S3150400EC0400000000000000000000000000000000F6
S3150400EC1400000000000000000000000000000000E6
S3150400EC2400000000000000000000000000000000D6
S3150400EC3400000000000000000000000000000000C6
S3150400EC4400000000000000000000000000000000B6
S3150400EC5400000000000000000000000000000000A6
S3150400EC640000000000000000000000000000000096
S3150400EC740000000000000000000000000000000086
S3150400EC840000000000000000000000000000000076
S3150400EC940000000000000000000000000000000066
S3150400ECA40000000000000000000000000000000056
S3150400ECB40000000000000000000000000000000046
S3150400ECC40000000000000000000000000000000036
S3150400ECD40000000000000000000000000000000026
S3150400ECE40000000000000000000000000000000016
S3150400ECF40000000000000000000000000000000006
S3150400ED0400000000000000000000000000000000F5
S3150400ED1400000000000000000000000000000000E5
S3150400ED2400000000000000000000000000000000D5
S3150400ED3400000000000000000000000000000000C5
S3150400ED4400000000000000000000000000000000B5
S3150400ED5400000000000000000000000000000000A5
S3150400ED640000000000000000000000000000000095
S3150400ED740000000000000000000000000000000085
S3150400ED840000000000000000000000000000000075
S3150400ED940000000000000000000000000000000065
S3150400EDA40000000000000000000000000000000055
S3150400EDB40000000000000000000000000000000045
S3150400EDC40000000000000000000000000000000035
S3150400EDD40000000000000000000000000000000025
S3150400EDE40000000000000000000000000000000015
S3150400EDF40000000000000000000000000000000005
S3150400EE0400000000000000000000000000000000F4
S3150400EE1400000000000000000000000000000000E4
S3150400EE2400000000000000000000000000000000D4
S3150400EE3400000000000000000000000000000000C4
S3150400EE4400000000000000000000000000000000B4
S3150400EE5400000000000000000000000000000000A4
S3150400EE640000000000000000000000000000000094
S3150400EE740000000000000000000000000000000084
S3150400EE840000000000000000000000000000000074
S3150400EE940000000000000000000000000000000064
S3150400EEA40000000000000000000000000000000054
S3150400EEB40000000000000000000000000000000044
S3150400EEC400000000000000000000000058BA00041E
S3150400EED458BA000401000000C4B70004000002008C
S3150400EEE4FFFFFFFF8CD400048CD400046CC200041E
S3150400EEF46CC20004FFFFFFFF000000006CF0000476
S3110400EF04FFFFFFFFACD40004ACD40004F3
S705040001688D
